crop,maturity,temperature,humidity,rain_probability,storage_duration,transport_duration,ambient_storage,current_price,future_price,spoilage_pct
Mango,68.7,37.7,52.1,14.1,1.2,15.6,1,33.9,48.9,22.32
Potato,97.5,15.7,34.7,57.1,0.7,4.1,1,41.0,40.6,13.05
Mango,86.6,15.7,56.6,18.5,9.1,20.9,1,54.3,52.1,27.52
Mango,79.9,24.7,50.2,27.9,1.9,14.7,1,53.9,51.6,14.93
Potato,57.8,29.7,74.0,21.9,8.2,3.8,0,31.7,40.7,7.04
Mango,57.8,38.1,69.4,18.3,5.4,23.1,1,24.4,24.2,24.06
Rice,52.9,35.5,53.7,82.6,0.8,12.4,1,49.9,48.5,22.05
Mango,93.3,28.4,44.2,28.6,9.6,1.7,1,34.5,39.1,21.94
Mango,80.1,23.2,94.2,92.7,2.5,15.0,1,23.6,27.1,27.31
Potato,85.4,44.9,59.5,97.0,8.6,6.1,0,55.7,70.2,9.31
Rice,51.0,27.8,74.7,57.1,1.7,19.3,1,23.9,26.6,20.78
Onion,98.5,28.5,39.1,14.3,8.5,19.6,1,16.2,18.4,32.12
Tomato,91.6,19.9,61.6,37.5,0.1,23.5,1,15.9,17.3,18.11
Rice,60.6,38.8,31.8,79.8,5.1,12.0,1,43.0,38.9,21.85
Onion,59.1,35.8,62.9,36.7,7.7,10.9,1,44.8,47.9,28.66
Rice,59.2,21.6,92.7,8.7,9.3,18.1,1,29.0,32.2,23.0
Onion,65.2,17.5,55.0,55.7,9.1,3.2,1,29.4,30.4,20.39
Onion,76.2,35.4,32.5,84.5,8.2,13.1,0,30.3,26.2,7.04
Rice,71.6,34.6,32.0,79.6,8.9,13.1,0,45.6,42.4,5.18
Potato,64.6,23.2,55.2,17.5,2.0,2.1,0,17.6,19.3,2.03
Rice,80.6,43.5,40.4,67.3,2.8,10.0,0,56.8,70.4,3.92
Rice,57.0,19.5,31.5,22.1,2.9,20.5,1,25.0,33.8,17.09
Onion,64.6,28.0,79.2,21.8,3.8,20.5,1,60.0,64.3,21.03
Tomato,68.3,43.3,59.8,87.4,3.9,2.4,1,22.7,22.5,27.33
Onion,72.8,27.6,48.8,25.0,5.4,2.2,0,49.7,51.9,6.96
Mango,89.3,34.2,88.5,26.3,1.6,6.3,0,25.1,23.6,6.79
Rice,60.0,26.9,37.5,0.1,6.9,21.0,0,18.6,22.7,5.57
Rice,75.7,23.2,92.1,87.1,1.7,3.1,1,54.4,77.2,18.24
Potato,79.6,44.5,50.4,79.3,3.1,17.3,0,53.6,53.4,8.16
Onion,52.3,27.3,87.7,62.7,5.0,2.4,1,33.2,30.5,20.33
Potato,80.4,41.8,69.2,75.0,8.0,15.0,1,46.6,58.3,36.58
Rice,58.5,21.9,83.7,15.2,7.4,8.5,1,40.1,46.0,17.71
Onion,53.3,21.4,94.0,45.8,6.5,18.9,1,53.4,61.4,27.59
Onion,97.4,15.9,48.7,35.1,1.6,5.6,1,29.2,39.0,14.11
Mango,98.3,34.6,92.5,9.4,5.5,15.3,1,38.6,34.5,32.82
Mango,90.4,26.1,55.3,48.6,0.9,5.7,1,36.8,32.8,19.97
Tomato,65.2,40.9,55.1,92.1,3.8,17.1,1,30.9,33.3,32.26
Mango,54.9,29.2,52.1,4.0,4.1,21.0,0,55.1,61.2,5.03
Onion,84.2,44.0,65.2,29.1,0.4,3.0,1,22.5,23.5,18.85
Mango,72.0,20.6,40.0,20.8,2.7,20.8,1,21.7,31.9,20.21
Tomato,56.1,41.1,66.0,23.8,9.6,14.2,0,41.0,43.2,7.46
Rice,74.8,38.3,65.2,90.8,9.5,3.1,0,44.6,45.4,10.72
Mango,51.7,38.1,79.5,46.8,3.5,10.3,1,23.8,26.6,25.22
Onion,95.5,40.3,84.2,46.6,0.4,3.9,1,32.6,40.6,23.56
Rice,62.9,37.8,58.6,76.1,1.8,16.8,1,57.6,57.1,27.55
Onion,83.1,33.8,49.7,15.4,3.9,18.2,1,26.1,28.1,22.37
Rice,65.6,18.9,46.9,48.7,9.5,2.5,1,45.1,56.3,19.88
Onion,76.0,16.0,42.7,43.0,1.4,12.1,0,48.3,60.8,1.52
Mango,77.3,42.6,33.7,59.7,7.6,19.6,1,35.2,39.8,36.44
Mango,59.2,33.5,52.3,100.0,1.1,22.5,0,57.2,83.7,4.94
Tomato,98.5,38.9,47.6,76.9,9.8,12.3,0,48.1,67.3,7.67
Rice,88.8,29.4,92.8,39.8,3.8,22.8,0,35.6,31.7,8.26
Tomato,97.0,18.5,66.3,82.8,7.8,12.9,1,40.6,34.4,28.89
Potato,94.7,18.8,52.6,17.1,3.4,9.5,0,46.2,56.3,3.49
Mango,79.9,35.6,67.7,3.0,6.3,20.4,1,41.6,54.3,27.06
Rice,96.1,27.9,39.0,20.4,1.9,11.8,1,54.5,58.2,14.1
Tomato,54.4,21.0,58.9,34.0,1.5,11.3,1,31.1,31.8,12.75
Tomato,59.8,29.7,70.7,51.1,9.4,11.8,1,28.5,27.8,31.87
Potato,52.3,16.9,61.8,61.5,9.2,20.3,0,24.6,22.8,5.87
Tomato,66.3,32.5,56.1,91.1,8.9,20.0,1,16.7,21.2,31.61
Onion,69.4,23.1,94.6,51.0,6.3,9.7,1,16.9,17.7,22.63
Mango,63.6,38.9,87.2,50.1,8.1,8.0,1,54.2,62.0,31.45
Tomato,91.4,24.3,70.5,5.0,0.7,11.8,1,45.5,37.6,16.66
Tomato,67.8,28.7,67.0,3.5,3.3,13.7,1,44.7,55.9,18.49
Potato,64.0,15.3,70.3,55.1,3.1,5.7,0,42.7,50.7,2.56
Onion,77.1,17.2,43.1,43.8,6.4,19.1,1,53.2,47.8,20.53
Tomato,57.0,26.8,55.7,83.9,3.6,11.7,1,36.6,41.7,23.95
Mango,90.1,29.4,32.6,16.1,1.5,8.0,1,54.2,59.6,17.9
Mango,53.7,33.0,60.9,2.5,6.0,2.6,1,31.2,32.2,21.28
Tomato,99.3,23.7,65.3,44.9,8.1,5.7,1,56.7,37.7,24.17
Onion,88.6,35.8,44.8,23.7,3.8,22.8,1,46.4,46.5,29.93
Mango,59.9,40.8,92.7,5.0,1.3,7.3,0,26.6,30.4,4.75
Mango,50.3,38.4,89.1,72.5,2.0,4.1,1,40.4,41.1,23.08
Onion,90.8,16.2,76.9,11.2,2.4,11.1,1,39.0,41.6,17.58
Onion,85.3,29.4,64.7,60.8,3.0,7.4,1,21.2,28.1,21.52
Tomato,86.5,18.1,86.5,28.1,6.4,0.8,0,41.6,45.3,0.51
Rice,88.6,22.3,38.5,17.3,6.0,7.8,1,29.2,22.9,20.86
Potato,53.7,44.6,81.4,38.0,7.0,13.1,1,17.4,18.6,31.82
Rice,67.9,19.3,38.1,80.1,3.6,13.2,0,57.7,64.3,4.48
Rice,55.8,30.0,81.6,39.2,8.2,8.6,1,43.9,42.8,27.75
Mango,93.2,33.5,47.9,75.1,2.0,10.7,1,54.5,65.9,26.6
Onion,81.2,36.1,87.0,12.5,4.7,23.2,1,45.4,40.0,26.0
Mango,66.5,31.8,91.4,77.3,8.0,9.1,1,31.1,33.5,31.24
Potato,53.2,15.3,39.7,23.7,1.8,6.2,1,38.1,33.5,5.06
Tomato,65.5,24.8,60.1,67.7,1.1,5.8,1,45.4,47.9,16.85
Potato,66.3,30.5,93.8,56.6,8.8,11.0,1,58.2,70.2,30.11
Mango,86.5,17.6,61.4,92.9,3.4,18.2,1,26.4,28.4,26.3
Mango,81.9,25.5,86.1,38.7,6.8,4.9,1,54.4,58.0,21.97
Mango,94.4,16.0,68.3,6.6,0.3,17.0,0,56.6,62.5,2.83
Mango,73.6,17.4,54.4,1.9,6.9,0.5,0,45.2,50.2,0.0
Rice,56.0,26.9,48.6,82.7,3.2,10.1,0,56.9,68.5,6.55
Tomato,85.7,19.0,43.2,52.5,0.6,18.6,1,32.9,39.6,18.05
Rice,88.0,32.0,79.5,77.5,6.1,8.1,1,57.9,76.0,29.93
Mango,78.1,35.7,55.1,23.4,2.4,13.5,1,46.6,52.5,18.99
Onion,88.5,39.0,63.2,34.5,3.9,4.9,1,16.9,14.4,24.93
Rice,74.7,21.0,62.0,3.0,0.8,17.8,0,55.8,68.6,7.06
Mango,76.1,20.0,67.5,96.1,1.5,1.3,1,36.8,47.9,17.46
Mango,71.4,18.1,86.3,66.8,3.0,20.5,1,35.7,52.5,24.95
Tomato,51.3,34.1,93.7,93.3,0.9,4.8,1,40.5,53.4,20.75
Potato,55.4,36.2,56.5,26.5,9.1,21.0,1,21.7,22.3,31.32
Rice,51.6,15.9,83.8,61.1,0.1,8.5,1,36.1,40.7,10.56
Rice,81.8,43.1,79.7,67.8,4.8,17.3,1,52.4,55.5,35.29
Rice,65.7,16.6,67.3,31.8,1.2,7.7,1,15.7,16.3,12.94
Mango,75.4,31.2,92.1,84.8,3.1,21.7,0,27.3,29.5,5.21
Tomato,95.4,36.3,43.0,94.7,9.3,3.0,1,15.1,19.5,31.89
Mango,62.5,41.1,37.1,88.5,1.6,4.3,0,33.7,29.0,5.86
Mango,70.5,36.4,85.5,73.9,9.7,11.8,0,47.8,45.4,10.69
Onion,87.8,39.1,58.5,27.7,2.1,2.0,1,50.9,65.4,23.1
Tomato,61.4,25.2,85.1,28.2,7.4,4.7,0,57.5,75.8,5.3
Rice,53.8,39.4,88.1,96.3,5.5,22.7,1,42.4,42.4,33.09
Potato,64.5,17.4,34.1,1.0,8.8,23.4,0,26.5,35.7,6.25
Rice,58.1,41.8,87.4,71.6,5.5,9.0,1,56.6,70.5,33.96
Mango,96.5,31.4,59.1,70.6,5.3,22.2,1,49.9,52.9,29.29
Tomato,90.4,39.5,63.2,62.3,2.0,13.1,1,40.8,30.0,25.19
Tomato,81.7,28.6,70.7,99.0,1.7,6.5,1,46.3,39.3,24.69
Tomato,93.6,34.3,90.2,31.2,9.2,16.9,0,56.6,56.7,8.92
Onion,90.2,30.8,31.2,34.0,3.3,15.8,1,47.1,57.1,21.73
Rice,59.3,36.9,61.0,7.9,3.7,23.7,1,31.6,38.3,25.58
Onion,94.6,17.4,74.7,44.3,7.6,6.4,1,47.1,48.5,25.76
Potato,77.0,16.8,77.0,26.1,3.4,16.1,0,16.8,17.9,4.54
Mango,90.4,22.4,75.0,34.3,9.5,1.2,1,32.4,35.5,24.52
Onion,94.8,19.8,38.7,83.5,7.4,2.7,1,33.3,35.5,25.65
Onion,65.9,41.2,49.5,93.5,6.0,0.1,1,22.5,25.3,27.51
Mango,55.5,21.6,53.3,18.6,8.8,24.0,0,16.0,17.6,8.9
Tomato,61.4,44.3,82.3,37.3,0.5,19.3,1,21.0,17.8,29.8
Mango,71.4,25.1,48.1,92.9,2.6,18.9,1,44.5,47.5,23.34
Rice,90.9,20.5,43.7,6.2,4.7,12.2,1,51.1,56.0,15.79
Mango,93.0,38.7,92.2,9.2,2.3,7.2,0,59.5,74.2,6.42
Tomato,50.3,34.8,30.6,16.3,7.4,3.6,1,30.6,29.8,18.25
Mango,75.5,29.9,94.9,59.5,9.2,6.8,1,42.0,47.5,28.04
Onion,70.9,31.7,74.0,15.0,4.2,9.0,1,57.2,67.7,16.96
Potato,61.1,36.6,83.9,96.8,3.4,18.2,0,22.5,24.3,7.02
Onion,56.0,21.9,49.2,44.7,9.6,13.0,0,47.3,39.6,6.37
Potato,66.9,44.9,30.9,50.2,4.4,1.9,1,49.0,61.3,22.68
Mango,97.1,44.2,78.0,24.7,4.9,0.4,1,19.0,23.0,29.13
Rice,66.2,34.5,84.2,47.1,3.5,2.5,1,53.8,61.0,24.34
Mango,75.9,21.0,78.1,66.2,9.1,9.9,1,51.6,57.1,32.14
Tomato,85.2,35.4,39.3,75.1,5.7,22.4,1,16.5,13.7,32.79
Mango,68.2,17.2,79.0,75.4,7.6,15.3,1,19.1,23.2,29.64
Potato,98.6,15.9,80.0,57.8,8.1,19.2,1,17.2,22.8,30.56
Onion,98.1,22.7,72.8,90.4,3.4,11.2,0,30.1,28.0,6.94
Rice,62.6,28.9,79.8,81.7,4.3,8.7,1,37.9,49.4,24.28
Mango,74.9,41.0,85.0,75.7,8.5,2.6,1,39.0,49.5,28.31
Mango,65.0,36.8,69.9,5.6,3.6,21.0,1,27.0,25.1,25.97
Onion,64.2,37.3,35.8,0.7,7.9,18.8,1,56.0,58.3,29.43
Rice,51.8,27.8,61.7,21.2,9.4,4.0,1,31.6,28.1,19.97
Mango,80.5,25.4,35.0,66.4,6.2,12.3,1,17.0,18.6,25.32
Mango,75.1,26.1,56.5,41.1,7.4,11.7,1,28.5,33.3,27.43
Potato,52.6,44.6,56.5,40.2,8.1,15.0,0,38.9,35.1,7.27
Potato,63.9,16.2,34.3,88.5,8.5,22.7,0,33.4,38.6,9.62
Tomato,95.4,41.0,52.7,89.6,4.0,13.9,1,27.3,32.7,32.12
Onion,62.0,32.4,37.2,90.9,0.5,13.0,1,20.9,25.1,20.73
Rice,57.2,28.2,82.5,31.4,4.0,1.2,1,51.9,60.6,20.39
Mango,74.5,36.8,91.6,69.1,6.7,1.5,1,59.8,54.8,26.85
Mango,99.3,29.6,34.7,27.2,4.5,4.5,1,29.8,32.3,19.16
Tomato,62.1,41.2,92.1,19.1,7.5,0.8,0,32.2,37.1,4.72
Mango,83.6,42.0,64.0,18.5,3.6,17.8,0,42.8,56.5,4.57
Onion,88.1,27.7,49.5,34.2,6.3,17.4,0,47.3,52.1,6.98
Tomato,61.9,23.3,35.0,43.0,1.9,3.3,1,32.6,38.0,12.17
Onion,86.4,32.8,62.5,83.1,7.5,20.1,0,55.7,53.5,9.76
Tomato,68.4,42.4,81.6,12.0,5.5,3.7,0,40.2,37.3,2.6
Mango,81.6,21.3,76.0,73.5,2.0,7.2,1,35.3,32.0,17.73
Tomato,81.7,33.7,33.3,53.1,2.9,6.0,1,44.1,45.7,21.08
Potato,76.8,33.9,34.7,28.8,7.5,8.9,0,57.9,81.6,9.26
Rice,54.5,37.0,56.2,49.3,4.8,6.1,1,50.8,52.8,24.15
Mango,91.8,18.9,49.2,30.0,2.2,11.7,1,16.8,19.4,15.71
Rice,66.0,36.5,45.1,59.6,9.7,9.8,1,30.0,35.5,28.25
Mango,59.3,42.3,48.3,43.4,7.2,23.7,1,36.2,33.9,31.91
Rice,52.0,20.4,82.2,16.4,9.6,1.3,1,29.2,30.2,20.43
Potato,79.5,22.1,90.4,11.7,4.3,3.4,0,46.5,55.5,0.0
Rice,83.9,44.1,56.3,54.7,4.8,1.3,1,52.2,60.8,24.12
Tomato,50.8,20.4,88.9,90.2,9.0,15.0,1,47.9,38.4,29.07
Rice,75.6,40.6,50.9,34.4,5.3,1.3,1,59.5,70.8,22.92
Mango,61.3,29.8,61.0,73.3,7.1,20.1,1,27.3,27.7,30.79
Onion,82.3,22.4,44.7,65.9,2.5,12.3,1,54.4,55.5,19.26
Rice,58.7,41.1,71.6,93.2,4.5,12.6,1,49.5,57.5,32.05
Rice,84.5,28.4,93.6,82.1,1.2,13.5,1,31.3,41.6,25.5
Rice,69.3,30.4,69.2,56.7,2.1,4.1,1,48.0,51.4,18.64
Mango,96.8,25.8,53.3,65.7,0.0,4.7,1,19.7,25.1,19.08
Rice,56.9,32.8,72.1,89.8,0.4,7.7,1,50.5,44.7,22.49
Mango,67.1,19.9,38.0,40.0,9.8,14.2,1,39.0,43.6,22.55
Mango,55.7,26.7,87.8,32.7,2.4,5.0,1,28.2,28.7,16.99
Onion,96.2,44.1,62.7,1.1,6.6,2.8,0,44.5,50.8,8.39
Tomato,93.9,22.7,59.2,82.7,8.4,23.3,1,43.9,46.3,36.5
Mango,62.9,34.7,68.1,80.1,5.5,0.5,1,24.4,22.0,25.88
Potato,83.0,24.8,70.6,10.4,1.5,19.3,1,16.4,15.8,18.86
Rice,90.9,38.2,34.7,57.7,7.3,18.9,1,34.5,29.5,34.1
Potato,77.8,18.9,74.4,46.4,6.0,7.1,0,40.6,36.7,6.95
Rice,76.5,44.1,45.7,11.9,7.3,3.3,1,54.4,63.8,25.95
Onion,62.1,28.6,76.4,98.1,7.7,3.5,1,56.8,60.3,28.99
Mango,54.7,22.1,83.5,21.5,9.8,16.7,1,38.8,44.0,26.53
Tomato,94.9,17.2,82.3,6.7,5.7,15.4,1,48.9,67.1,19.24
Mango,95.0,20.1,65.9,59.5,3.4,18.8,0,34.8,36.7,5.81
Rice,81.7,30.6,63.8,73.9,6.5,22.5,1,48.6,58.1,31.56
Tomato,67.0,25.1,39.3,3.2,0.7,16.6,1,24.2,26.7,12.84
Mango,67.5,39.9,80.4,65.9,9.0,3.7,1,31.7,48.0,34.74
Tomato,86.3,27.9,47.6,53.2,1.2,5.8,1,43.5,28.2,19.96
Rice,94.9,22.5,62.3,10.3,3.3,20.2,0,15.8,15.7,2.01
Onion,94.4,33.5,48.5,17.3,8.2,5.0,1,47.5,56.9,23.72
Onion,89.0,36.2,38.7,56.8,6.0,1.7,1,52.6,51.9,24.53
Mango,82.1,20.0,70.9,29.6,3.9,16.9,1,33.0,39.1,20.03
Potato,54.2,20.0,33.5,93.8,4.7,9.7,1,35.2,38.4,21.86
Rice,58.1,16.1,78.7,81.9,8.5,22.1,1,53.3,65.6,27.66
Mango,94.9,37.1,50.6,98.4,3.4,15.6,1,49.9,46.4,33.47
Mango,80.3,34.9,30.0,26.0,8.7,2.2,1,28.0,31.5,24.51
Onion,50.5,29.2,63.2,97.0,0.9,22.7,1,29.6,34.6,24.9
Tomato,55.1,40.3,33.0,43.1,7.8,6.2,1,45.5,51.0,26.42
Rice,83.2,39.2,48.0,34.8,8.5,8.1,0,40.3,45.3,6.56
Tomato,50.3,32.6,76.0,5.0,1.8,9.7,1,22.3,28.6,12.66
Rice,58.0,41.0,34.1,5.3,4.3,1.2,1,28.9,24.5,18.09
Potato,77.4,21.2,84.6,69.2,1.7,11.9,1,55.5,62.1,20.14
Onion,84.6,18.4,30.2,45.8,7.1,3.0,1,46.0,42.2,17.43
Potato,82.6,23.1,46.0,22.7,5.4,9.6,1,59.4,72.1,22.05
Mango,61.2,16.7,78.2,61.4,6.4,8.4,0,49.5,48.2,6.76
Onion,85.6,30.9,50.6,25.3,2.0,18.5,1,57.4,41.8,26.95
Mango,61.9,43.1,36.6,57.8,2.1,19.3,1,24.7,30.1,28.37
Potato,66.3,16.2,53.4,35.9,0.4,3.7,1,49.7,52.7,8.57
Rice,87.3,18.7,47.6,82.4,3.2,8.8,1,15.9,18.4,18.99
Mango,82.5,28.6,84.8,82.1,5.6,9.0,1,45.2,59.4,27.44
Tomato,92.5,43.0,50.4,47.7,8.6,3.6,0,36.1,41.7,6.53
Rice,82.9,24.5,81.3,35.1,6.7,19.2,1,30.6,34.4,28.08
Rice,78.4,30.2,88.0,36.3,4.4,17.0,1,53.8,58.8,23.25
Potato,54.7,16.2,58.2,80.6,9.5,4.6,1,53.4,49.6,25.52
Potato,68.4,19.5,89.1,32.8,7.2,8.8,1,16.0,17.1,22.65
Onion,63.3,44.6,54.5,20.9,9.3,2.5,1,42.4,59.2,29.34
Onion,62.2,44.0,92.7,8.5,5.3,15.1,1,31.6,32.9,25.96
Tomato,98.7,15.1,35.8,46.7,2.6,2.9,1,33.7,36.3,15.01
Rice,69.7,43.6,74.7,48.2,0.5,23.7,1,52.4,67.6,30.65
Tomato,94.6,34.2,62.1,84.1,7.3,18.7,1,28.9,25.1,33.94
Tomato,81.6,41.0,55.2,22.1,1.2,9.4,1,57.4,68.5,19.34
Potato,89.7,28.6,71.1,38.1,3.0,13.9,1,23.1,19.9,24.86
Tomato,75.1,30.5,75.8,80.8,5.3,21.9,1,44.8,52.0,29.98
Tomato,78.8,29.7,30.3,82.4,5.6,13.3,1,45.2,49.6,26.84
Mango,74.6,35.0,40.9,38.5,6.0,4.2,1,26.3,31.4,26.13
Onion,59.8,19.2,76.3,45.9,1.7,9.1,1,29.6,28.1,13.95
Onion,86.1,15.9,73.3,30.3,3.8,20.2,0,52.6,53.6,8.44
Rice,64.0,24.2,92.8,93.3,6.2,15.5,1,49.3,59.1,29.12
Onion,51.2,36.1,79.5,11.9,9.7,15.6,1,29.8,30.5,27.88
Rice,82.3,21.1,91.8,93.4,7.3,20.8,1,39.0,47.4,34.34
Mango,58.9,35.2,75.7,68.4,9.2,21.5,1,17.8,20.1,36.16
Onion,97.0,44.1,49.4,53.2,7.6,22.1,1,24.4,25.2,37.66
Mango,97.7,17.8,36.8,3.3,5.9,2.3,1,36.9,38.8,14.14
Onion,95.7,35.2,80.8,47.6,1.9,13.1,1,18.9,20.8,26.01
Onion,68.5,28.3,71.9,40.8,6.7,17.8,1,52.9,56.5,23.43
Mango,50.8,41.0,33.1,16.1,6.2,18.2,1,47.3,57.2,26.89
Tomato,96.4,20.3,53.4,65.6,6.0,14.6,0,57.5,60.0,9.2
Tomato,71.4,35.8,92.2,97.1,4.9,4.0,1,46.2,46.9,25.54
Tomato,98.3,40.1,62.5,56.2,5.3,19.1,1,57.3,70.9,32.75
Tomato,98.2,43.3,58.1,71.5,3.3,17.3,1,40.0,41.4,30.92
Onion,92.7,35.5,59.8,6.8,5.2,2.1,1,42.0,42.8,18.56
Potato,64.7,29.9,43.6,41.8,2.0,11.1,1,59.0,42.9,14.56
Mango,69.3,33.5,54.0,11.6,8.1,4.2,1,43.9,41.4,20.9
Potato,92.6,41.1,54.0,61.3,1.9,8.1,1,16.4,16.0,25.02
Potato,65.8,32.1,33.4,93.8,0.8,0.4,1,47.6,48.5,20.51
Rice,58.5,15.9,79.9,66.2,4.4,9.6,0,55.7,55.3,1.89
Tomato,77.8,42.9,57.1,7.7,6.6,13.2,0,50.8,63.4,7.62
Onion,96.8,35.7,83.4,35.5,4.4,14.9,1,41.3,40.6,29.24
Tomato,84.8,35.3,85.3,55.1,2.8,15.9,1,45.2,45.0,31.0
Tomato,78.5,21.5,43.8,40.3,5.6,20.1,1,59.6,66.9,25.18
Potato,54.9,34.8,72.7,83.4,3.5,5.2,1,19.1,17.8,25.54
Rice,80.8,26.8,60.7,81.5,9.3,2.9,1,45.0,60.1,30.31
Tomato,99.5,34.5,87.2,61.2,9.2,20.4,1,27.8,33.9,36.75
Mango,57.0,18.2,44.0,37.3,5.0,3.8,0,43.8,40.5,2.64
Mango,75.9,34.7,74.1,25.5,3.3,23.4,1,42.3,53.0,29.17
Tomato,93.9,45.0,69.5,10.6,7.4,20.2,1,21.9,28.1,30.21
Potato,87.0,16.4,49.2,35.5,0.4,12.0,1,24.3,22.6,12.65
Potato,84.9,44.3,38.9,41.3,4.7,23.6,0,43.0,39.8,5.38
Onion,85.1,27.2,72.4,67.6,3.4,2.3,1,20.8,20.9,22.0
Rice,68.0,41.1,78.0,65.8,9.2,7.3,1,26.9,23.9,32.81
Potato,64.7,38.5,50.5,7.0,0.1,15.3,1,52.6,51.7,19.5
Onion,90.5,32.0,71.9,39.5,5.5,8.4,0,29.7,30.9,6.27
Mango,90.5,37.2,55.7,18.2,7.4,22.3,1,37.0,43.5,28.94
Mango,93.4,41.4,76.4,15.7,4.9,1.6,0,57.4,63.8,3.14
Mango,95.7,27.1,42.9,82.7,0.9,13.2,1,25.2,27.2,22.79
Tomato,75.6,24.8,87.9,4.2,9.7,14.2,1,32.5,33.4,25.71
Rice,75.1,35.0,48.7,41.9,5.2,15.7,1,42.3,38.2,25.65
Onion,89.9,39.2,53.9,16.8,6.1,6.1,1,49.0,58.2,27.45
Rice,82.5,37.9,33.8,87.9,2.4,8.7,1,55.6,65.9,27.02
Tomato,85.1,38.9,37.2,55.7,4.8,20.2,0,56.2,56.6,11.21
Onion,89.8,28.1,63.5,23.1,4.3,4.7,1,49.9,46.7,19.49
Onion,94.5,39.5,47.4,50.2,0.7,19.8,1,25.3,33.7,25.26
Potato,66.9,18.6,84.3,73.1,1.1,13.5,1,16.1,18.3,20.12
Rice,68.8,31.3,31.0,95.8,8.4,18.3,1,32.3,37.4,32.05
Rice,54.7,15.2,54.6,22.0,2.4,17.1,1,21.4,24.9,13.58
Potato,78.9,24.7,51.9,88.6,1.9,5.0,1,47.0,43.2,19.64
Mango,51.8,26.0,31.3,93.4,5.0,13.7,1,44.8,59.3,27.96
Tomato,73.3,26.9,38.1,91.6,7.7,20.8,1,17.0,17.6,33.46
Rice,77.1,35.9,56.9,63.5,0.6,10.4,0,52.6,64.4,7.13
Potato,64.3,26.7,62.0,63.0,5.8,23.2,1,26.2,34.5,31.97
Onion,79.5,28.5,56.3,40.3,1.2,10.9,0,34.5,38.3,6.49
Potato,51.5,22.1,64.5,75.2,0.4,3.4,1,45.1,41.6,12.26
Mango,51.9,26.2,68.7,53.1,0.5,9.3,1,34.3,24.9,18.29
Tomato,91.1,21.8,30.6,67.7,8.3,22.8,1,34.9,38.1,33.03
Mango,68.0,17.2,60.2,42.8,1.2,7.7,1,18.0,20.4,14.76
Onion,56.4,33.1,92.6,73.1,0.5,20.8,0,33.1,33.5,6.01
Onion,76.1,35.0,63.7,82.4,4.4,21.2,1,49.4,55.4,32.76
Onion,88.5,33.6,74.0,14.6,8.4,8.4,1,56.2,65.4,27.87
Onion,60.8,28.9,50.3,83.3,2.6,2.0,0,33.6,42.0,2.91
Potato,81.1,26.4,80.3,54.0,4.2,17.4,1,34.1,36.3,24.83
Onion,54.3,40.9,80.2,84.5,0.4,7.5,1,46.6,51.0,25.25
Onion,52.6,30.6,63.9,43.1,4.5,18.8,1,57.4,61.6,23.06
Potato,76.6,29.4,93.4,37.9,5.8,10.6,0,27.0,29.9,4.85
Onion,77.0,15.8,38.2,91.5,5.7,11.6,1,34.8,35.6,24.69
Mango,81.9,25.2,31.1,25.1,3.3,18.7,1,50.8,52.0,20.81
Mango,86.3,26.4,80.1,84.4,3.2,9.2,1,42.4,43.8,26.28
Rice,98.8,27.0,82.5,48.4,1.1,10.6,0,20.0,22.4,2.96
Mango,75.8,32.4,37.8,51.4,3.7,9.0,1,43.2,42.1,23.19
Tomato,66.1,31.0,47.3,30.8,1.0,8.8,1,23.4,24.2,15.17
Tomato,89.8,33.2,31.1,57.3,7.7,12.6,1,38.0,52.1,27.62
Tomato,63.5,37.9,49.1,32.5,9.7,19.4,0,38.8,47.9,7.19
Potato,71.9,39.4,80.3,3.9,9.7,8.7,0,54.4,52.1,10.12
Mango,53.9,36.5,63.7,27.2,8.7,12.6,0,35.8,44.0,6.41
Tomato,51.3,43.7,52.6,0.6,6.0,16.1,1,27.6,32.9,30.53
Rice,98.1,15.5,54.2,97.8,7.0,6.5,1,25.4,27.5,21.97
Potato,91.8,20.9,30.1,96.6,2.9,6.7,1,54.3,54.0,17.95
Rice,84.8,15.2,49.5,39.5,6.3,22.4,0,22.7,22.2,8.73
Mango,70.4,34.4,72.0,72.8,4.6,17.4,1,34.2,38.7,32.79
Onion,58.7,41.9,93.3,34.6,4.8,13.9,1,23.4,22.8,26.81
Rice,57.8,22.3,85.1,67.1,7.6,15.5,0,49.8,63.0,7.14
Onion,62.5,42.8,31.5,80.5,2.8,0.7,1,36.3,47.5,24.29
Potato,77.5,16.8,88.4,94.7,3.2,14.8,1,30.8,33.7,23.9
Rice,85.7,43.0,80.9,40.0,9.2,12.2,1,31.2,39.7,35.74
Rice,83.0,25.5,80.7,78.3,0.6,13.1,1,53.3,55.4,22.33
Potato,64.0,18.0,59.8,26.6,4.9,8.6,0,39.9,39.6,1.26
Potato,97.7,29.6,55.9,99.0,9.1,2.0,1,47.3,59.8,31.27
Tomato,86.9,22.7,49.7,2.6,6.1,4.6,1,55.4,74.0,17.93
Mango,77.7,23.5,34.3,60.4,5.5,22.8,1,55.6,77.5,26.78
Rice,80.6,24.2,44.8,66.0,2.5,9.8,1,29.8,34.2,16.64
Rice,71.0,39.1,46.0,68.8,3.4,11.2,1,57.9,71.1,27.72
Potato,62.4,31.2,61.5,12.0,8.5,1.3,1,16.1,18.5,22.28
Potato,67.8,24.3,78.6,93.9,5.6,0.9,1,32.0,41.9,21.75
Mango,87.9,33.3,60.8,18.1,5.1,17.2,1,55.3,64.4,29.97
Potato,50.7,36.5,33.8,62.3,1.0,12.9,1,27.4,33.4,19.92
Onion,55.8,23.2,92.3,22.3,0.2,12.2,1,27.3,25.4,14.38
Onion,52.3,27.4,91.3,30.7,9.6,5.8,0,28.6,30.5,7.79
Onion,52.0,18.7,81.0,54.6,3.8,17.9,0,42.6,52.0,9.14
Onion,92.8,20.4,94.4,41.7,6.0,4.0,0,34.7,42.0,7.05
Mango,85.2,35.4,65.4,16.0,0.8,4.6,1,47.7,58.9,19.12
Rice,73.7,20.4,92.6,17.1,6.8,11.1,1,55.3,61.8,20.41
Onion,54.9,30.8,34.9,41.8,9.3,6.9,1,45.3,45.4,25.5
Potato,74.6,36.3,53.8,75.7,5.8,5.9,1,24.2,26.4,26.44
Onion,73.7,18.2,44.6,89.8,1.3,15.5,1,57.0,63.1,21.28
Mango,58.7,32.0,42.7,8.4,5.8,15.6,1,26.9,30.6,23.99
Potato,71.7,22.7,39.2,39.3,7.7,19.8,0,21.7,20.8,9.77
Onion,69.9,43.9,70.5,10.0,4.1,10.0,1,19.0,20.2,20.3
Rice,80.8,29.5,80.8,1.7,8.8,1.8,1,40.4,43.9,22.15
Potato,81.8,39.2,67.6,66.2,6.5,6.6,0,20.1,15.4,10.11
Potato,52.3,31.5,39.6,60.2,9.0,23.5,1,21.2,26.0,29.49
Rice,68.7,16.3,82.7,16.3,6.2,14.3,0,28.5,32.1,6.73
Potato,81.3,34.0,71.3,23.4,1.3,17.0,0,27.7,31.5,7.85
Onion,75.2,43.5,55.2,2.4,3.1,0.2,0,42.2,43.1,4.71
Potato,92.8,33.0,73.8,83.5,2.0,12.4,1,51.8,61.5,24.42
Onion,82.9,39.6,46.9,97.5,9.1,0.9,1,49.3,48.0,32.74
Rice,58.1,41.5,52.4,13.5,7.6,13.7,1,26.8,26.8,30.83
Tomato,53.5,21.8,89.6,23.1,6.8,22.1,1,26.0,31.1,28.61
Rice,82.1,21.4,48.9,86.8,3.0,23.2,1,58.5,67.4,26.66
Onion,51.3,33.3,60.5,92.6,1.8,13.0,1,15.4,14.0,22.44
Mango,79.3,27.3,87.9,42.0,7.6,11.0,1,54.6,73.0,31.22
Rice,97.0,40.2,76.0,5.1,4.7,22.7,1,24.0,23.7,32.2
Mango,78.8,42.0,34.0,3.9,2.3,16.2,0,57.6,62.2,3.73
Mango,69.4,25.6,39.6,57.4,6.2,1.6,0,30.4,41.4,5.79
Onion,82.2,22.1,30.5,39.3,0.4,11.2,1,34.8,27.5,15.22
Onion,72.9,38.4,71.0,2.9,3.3,5.8,1,46.8,39.5,18.81
Tomato,77.3,23.2,59.1,58.3,4.7,11.3,0,41.4,48.3,6.38
Potato,97.1,39.7,38.7,1.1,1.5,10.9,1,29.3,21.3,22.6
Rice,69.3,27.7,92.3,78.7,9.8,14.0,0,39.9,31.7,7.91
Onion,98.1,35.0,64.4,30.6,2.1,8.6,0,47.9,61.1,8.05
Rice,95.3,17.9,45.7,4.0,1.3,3.9,1,16.9,17.6,7.47
Mango,59.8,33.7,62.5,58.8,2.0,12.1,0,15.5,22.2,10.02
Potato,53.5,28.6,74.2,39.8,7.7,19.9,1,35.6,33.6,28.82
Tomato,55.0,32.6,35.0,97.4,4.3,15.9,1,20.9,22.0,29.48
Rice,50.9,20.0,47.9,54.4,5.7,8.1,1,44.9,53.0,19.65
Potato,54.7,37.1,82.5,27.5,0.2,22.5,1,24.6,28.8,21.28
Tomato,84.2,40.9,59.9,70.9,0.3,21.9,0,34.5,36.6,7.06
Rice,53.6,21.5,65.5,27.1,4.5,5.0,1,23.9,24.0,12.26
Potato,65.9,17.9,58.1,90.4,8.2,0.9,1,39.7,45.0,24.76
Onion,92.2,15.7,32.9,37.5,8.9,17.8,1,20.2,26.4,26.07
Rice,51.2,34.3,40.8,55.0,0.9,19.9,0,16.0,19.5,5.07
Potato,90.7,33.2,59.0,5.1,5.4,23.2,0,17.3,17.4,8.44
Tomato,64.1,31.4,43.6,42.6,9.1,21.4,0,57.9,55.1,7.87
Potato,55.9,22.0,33.2,83.2,3.9,14.4,1,21.4,21.3,22.88
Onion,84.8,26.7,84.8,80.6,8.3,12.7,1,46.9,42.6,34.31
Rice,81.4,32.8,93.8,22.4,1.3,0.7,1,18.1,20.3,16.47
Rice,93.9,29.9,81.6,22.6,9.4,5.9,1,19.9,24.3,26.79
Rice,86.8,44.6,85.5,81.7,7.5,11.0,1,37.9,41.3,33.7
Onion,90.2,19.1,45.7,93.0,9.4,15.1,1,35.9,48.8,31.73
Tomato,64.1,35.9,92.4,9.5,6.8,13.4,1,57.8,79.0,27.87
Rice,58.9,27.1,42.8,45.0,3.6,17.8,0,57.5,65.9,2.81
Tomato,87.5,27.8,91.8,33.7,9.4,6.7,1,50.1,60.4,31.74
Potato,90.3,36.5,94.7,87.1,2.8,13.6,1,42.1,40.6,29.14
Tomato,99.5,35.8,76.3,8.4,3.3,2.1,1,35.5,37.1,16.84
Tomato,70.6,44.7,93.8,21.1,7.0,9.9,0,31.0,40.1,10.62
Rice,68.6,18.9,67.0,75.2,7.7,18.0,0,57.6,58.4,3.1
Mango,88.8,18.1,46.9,5.1,9.3,16.6,0,42.1,55.7,8.04
Mango,67.0,36.7,58.4,49.3,2.0,23.8,1,41.1,52.0,28.18
Onion,96.5,32.4,68.6,44.2,8.0,6.7,0,25.4,30.8,7.94
Onion,92.9,23.2,34.8,33.4,7.4,12.0,1,17.1,15.8,23.27
Mango,71.4,17.4,70.5,39.5,0.6,7.9,1,57.5,60.6,14.43
Potato,87.5,17.6,93.8,53.0,3.9,10.6,0,29.1,34.8,7.54
Rice,87.7,41.8,42.4,16.1,2.8,20.6,1,34.9,33.2,24.48
Rice,55.2,20.8,81.5,57.2,3.0,16.4,1,20.2,21.6,23.17
Potato,95.1,24.7,89.0,80.5,9.8,21.2,1,52.7,63.9,39.37
Potato,75.3,21.8,91.3,76.0,6.4,4.9,1,16.2,16.5,25.67
Mango,91.3,25.6,92.4,15.4,7.2,21.0,0,52.5,51.1,6.22
Onion,66.0,17.1,63.9,14.9,9.8,1.4,1,21.3,17.7,21.33
Potato,94.8,30.6,93.5,26.8,3.8,21.3,1,54.9,57.2,29.16
Onion,69.5,17.0,79.2,36.1,8.0,7.9,1,47.8,58.2,20.16
Tomato,50.5,39.0,40.5,40.8,4.3,7.6,1,22.4,21.7,21.57
Rice,95.3,22.0,61.0,68.0,8.7,12.3,1,40.5,44.6,31.53
Mango,54.6,31.2,76.7,5.7,1.8,22.6,1,29.1,31.0,21.1
Rice,66.0,41.4,46.1,3.5,9.5,1.1,1,23.0,23.0,27.48
Mango,97.5,34.5,71.6,39.2,2.2,8.5,1,53.7,65.8,22.74
Tomato,97.5,31.0,73.3,69.7,3.3,20.6,0,33.2,44.6,5.52
Rice,78.7,24.7,40.6,19.3,7.6,9.5,1,32.9,41.2,26.54
Tomato,81.6,25.0,66.7,64.2,3.9,4.8,1,22.6,22.5,18.08
Mango,72.4,35.1,80.2,26.0,6.1,10.2,1,32.2,45.1,25.1
Potato,64.7,44.8,62.4,88.6,4.4,9.3,1,54.2,67.8,31.22
Rice,66.4,34.9,30.8,89.6,7.4,22.0,0,31.3,32.3,10.41
Tomato,83.6,31.7,30.6,29.7,2.3,18.3,0,57.8,56.9,6.75
Rice,87.6,36.9,53.2,23.0,0.6,12.1,1,57.6,73.0,25.01
Rice,89.6,29.0,90.2,41.1,3.0,23.7,0,21.5,24.2,6.76
Rice,89.5,16.8,44.9,24.1,4.7,11.2,1,23.0,22.3,16.44
Onion,54.6,31.9,71.2,67.2,1.7,1.4,1,53.8,58.0,18.09
Tomato,74.7,43.7,44.4,82.6,3.5,6.3,1,32.7,33.9,26.91
Tomato,52.9,20.3,50.9,67.3,4.0,10.5,1,15.2,14.8,19.23
Rice,77.5,35.7,85.1,82.4,0.6,3.8,1,27.3,34.2,20.73
Potato,72.1,21.0,77.4,39.7,5.8,22.7,0,41.9,51.0,8.13
Rice,94.4,31.1,36.2,15.6,8.8,18.4,1,51.0,62.5,30.36
Onion,67.5,17.9,57.9,73.8,1.5,6.4,0,21.0,25.7,1.48
Mango,55.9,28.5,31.9,36.0,6.0,14.2,0,20.0,19.2,7.55
Onion,57.1,37.7,61.3,67.1,6.6,17.3,1,56.5,57.0,29.75
Potato,88.1,25.4,73.1,27.1,4.2,22.6,1,48.8,64.4,23.37
Rice,80.9,34.9,37.7,8.1,7.0,21.2,1,41.5,46.4,28.1
Tomato,55.1,38.9,48.8,99.3,4.1,12.4,0,49.6,43.6,3.71
Rice,54.2,42.8,55.9,15.6,5.0,18.6,1,34.3,38.8,28.22
Potato,85.0,22.0,89.8,98.8,0.1,13.5,1,49.1,58.9,17.27
Tomato,53.6,27.0,94.6,97.7,6.9,13.3,1,31.7,37.4,28.64
Onion,91.1,19.6,32.9,79.4,6.6,2.8,1,26.0,24.9,25.67
Mango,85.3,44.8,79.5,65.9,0.4,3.0,1,47.8,66.1,22.91
Mango,54.1,42.8,54.2,57.8,3.7,12.7,1,33.9,29.6,25.69
Rice,54.2,31.2,55.5,86.6,9.8,6.5,1,59.2,66.1,33.02
Onion,99.3,40.3,79.0,28.9,4.2,0.5,1,30.7,41.8,23.25
Potato,68.7,30.6,89.7,46.8,5.0,17.3,1,56.5,67.1,29.13
Mango,68.5,33.7,91.8,61.9,9.1,0.8,1,57.0,69.8,31.66
Onion,90.6,17.7,67.5,41.1,7.2,14.3,1,25.9,24.4,25.99
Rice,97.4,37.7,53.2,42.7,5.8,12.9,1,50.9,58.7,26.78
Tomato,99.3,18.8,81.2,33.0,8.0,23.3,1,34.5,37.7,29.03
Rice,87.7,39.8,46.3,56.4,8.6,11.6,1,56.3,52.4,38.61
Rice,68.8,38.5,66.7,85.1,4.6,1.5,1,35.3,43.4,25.34
Onion,54.2,36.3,53.3,20.2,4.8,13.2,1,48.5,47.4,28.92
Mango,88.9,16.1,72.7,93.4,3.9,20.2,1,36.0,35.8,30.2
Onion,77.9,24.1,45.6,68.9,9.7,23.9,1,25.3,29.4,34.47
Tomato,71.2,22.9,42.5,82.3,7.0,10.3,1,24.0,25.9,26.28
Onion,95.3,25.8,89.7,55.6,0.8,7.7,0,34.1,38.4,4.23
Potato,55.6,17.6,36.6,78.0,8.6,21.8,0,49.0,52.4,6.85
Rice,74.6,43.1,62.9,1.6,4.8,4.6,0,42.2,55.4,4.3
Mango,50.6,31.6,44.4,81.8,0.7,14.8,0,46.0,44.2,5.21
Tomato,73.4,24.2,32.5,4.0,5.5,9.7,1,27.7,28.5,14.82
Rice,52.8,26.9,32.3,89.0,4.2,1.0,1,36.7,43.0,16.6
Onion,55.9,28.4,41.4,99.2,8.8,8.3,1,17.0,16.2,31.96
Potato,55.9,33.0,86.3,29.4,2.0,6.4,1,51.8,48.9,15.58
Onion,82.5,30.5,48.4,21.0,8.3,16.5,1,59.5,66.7,29.84
Rice,87.3,42.6,91.8,76.5,5.6,22.8,0,33.3,41.0,5.71
Tomato,79.2,29.9,67.8,25.3,0.5,6.4,1,15.5,19.4,17.58
Mango,98.1,44.8,58.4,86.6,9.7,19.5,1,22.6,25.2,42.32
Rice,68.7,40.5,67.7,10.3,5.1,1.3,1,44.4,44.3,24.32
Tomato,64.3,21.3,63.6,12.6,2.9,12.9,1,42.5,48.6,15.47
Rice,93.4,42.9,79.3,97.9,4.7,1.7,1,50.5,59.8,27.65
Potato,61.2,18.5,48.4,67.4,8.6,22.4,0,26.4,30.1,6.78
Onion,98.2,39.5,52.9,84.7,3.0,18.4,1,49.4,63.4,32.52
Mango,50.6,26.4,88.1,32.4,1.9,15.8,0,46.0,43.6,4.65
Tomato,98.5,41.3,91.5,67.6,1.3,19.8,1,29.5,29.4,32.91
Mango,52.2,41.0,88.0,59.4,3.0,15.5,0,39.5,50.0,5.86
Mango,94.6,39.2,57.3,60.3,7.8,23.3,1,21.6,19.0,34.8
Mango,76.4,38.7,80.7,68.3,4.7,17.1,1,35.4,36.0,29.69
Tomato,99.6,24.1,61.0,57.5,2.3,22.2,1,54.7,54.1,24.76
Tomato,53.7,17.4,62.3,42.9,1.7,12.4,0,34.0,29.4,2.68
Mango,77.7,27.1,43.3,27.6,3.3,2.8,0,52.8,56.6,8.9
Onion,98.5,20.2,68.4,76.9,9.4,12.7,1,41.6,50.4,34.17
Rice,76.2,35.8,42.1,22.6,3.4,3.0,1,23.6,26.6,20.27
Mango,81.5,25.4,51.6,69.2,9.9,14.2,0,41.1,50.2,8.77
Potato,84.8,44.3,85.6,23.3,4.9,11.6,1,37.8,48.3,29.78
Mango,72.7,34.2,43.5,62.5,1.8,14.9,1,32.9,34.3,23.97
Tomato,81.4,39.7,34.6,74.7,8.9,0.2,1,20.4,30.5,30.34
Rice,79.2,19.0,34.5,21.9,4.6,4.7,1,33.8,35.4,15.1
Potato,95.1,40.9,91.2,6.0,7.1,11.8,0,18.3,19.5,3.47
Rice,52.3,42.7,62.9,13.1,9.8,22.8,0,19.4,19.3,7.81
Rice,64.0,29.6,56.6,60.6,0.5,9.2,1,33.7,39.8,17.79
Potato,97.5,33.2,82.7,84.9,1.0,10.2,1,28.7,30.4,24.81
Mango,94.5,37.9,84.3,4.5,7.2,17.2,0,56.6,61.6,6.65
Mango,72.8,20.2,51.6,73.4,2.8,14.5,1,31.9,34.1,21.66
Mango,81.0,30.1,75.1,34.1,1.8,7.2,0,49.1,52.3,6.38
Onion,63.9,27.0,80.1,47.9,0.4,9.9,1,38.9,43.7,18.22
Mango,59.4,19.4,72.6,92.9,0.2,5.2,1,46.7,48.2,17.78
Potato,73.2,26.0,39.9,33.2,7.7,23.2,0,26.7,27.8,8.53
Onion,67.7,17.0,86.9,46.5,1.3,3.1,1,57.4,72.4,13.1
Mango,79.2,15.8,65.0,1.4,4.7,8.9,1,38.9,41.0,16.39
Onion,53.9,19.1,48.4,8.2,6.1,0.6,1,52.4,60.7,9.86
Potato,98.7,43.9,57.6,25.9,4.3,5.3,1,31.4,30.4,25.6
Mango,99.3,31.5,32.4,2.8,0.3,18.7,1,19.5,20.2,17.84
Tomato,84.9,44.0,38.3,63.1,7.8,4.8,0,45.3,41.5,10.87
Potato,76.8,28.0,79.8,42.6,0.1,1.9,0,15.3,21.2,4.53
Rice,65.5,24.4,30.0,54.8,7.6,11.4,1,36.4,47.5,21.42
Rice,90.7,30.2,57.1,17.5,8.9,0.2,1,23.7,28.2,25.41
Potato,84.2,28.2,64.0,29.6,4.3,2.0,1,43.2,61.5,21.2
Rice,58.1,18.2,33.6,66.4,5.4,19.4,1,59.1,71.8,22.44
Potato,95.5,34.2,93.3,96.5,4.8,18.5,1,35.9,38.6,36.63
Tomato,91.1,21.5,44.7,5.0,3.9,22.0,0,51.8,59.9,0.24
Potato,97.5,33.6,49.8,89.0,8.9,20.5,1,37.9,49.4,32.65
Mango,86.3,34.5,49.8,57.7,8.9,16.4,0,37.3,36.1,6.02
Mango,80.7,19.6,45.0,56.4,3.4,1.3,1,56.9,52.6,16.28
Onion,70.9,16.8,30.1,50.0,6.2,18.8,1,55.0,63.9,25.34
Rice,96.6,38.4,77.4,6.9,9.3,20.3,1,50.4,51.0,32.54
Rice,93.3,28.8,92.8,9.0,9.6,19.2,1,28.3,21.6,30.54
Potato,52.3,16.7,44.6,60.1,5.1,12.2,1,39.5,36.1,19.34
Rice,51.3,44.8,73.1,34.1,4.5,5.6,0,25.1,26.4,5.25
Mango,68.8,16.7,78.2,91.7,2.8,20.3,1,35.0,38.7,23.2
Tomato,90.5,35.9,85.1,40.7,9.6,17.5,0,36.8,40.9,8.13
Potato,99.4,44.5,57.5,14.3,1.4,23.5,1,52.4,73.4,30.98
Rice,57.5,22.2,49.7,71.5,5.8,3.7,0,55.3,59.1,7.35
Mango,79.7,19.3,51.1,29.3,2.8,5.4,1,33.7,38.4,14.75
Onion,69.0,18.6,76.3,52.5,2.8,5.1,0,15.8,13.5,7.47
Rice,98.5,24.1,83.1,69.8,4.0,19.0,1,53.8,58.9,29.84
Tomato,92.1,18.0,41.8,90.0,10.0,4.5,0,22.8,26.3,9.31
Tomato,91.9,35.8,54.1,79.2,0.5,1.6,0,43.0,38.4,3.62
Rice,73.4,16.9,88.6,67.6,5.8,24.0,1,16.1,15.5,26.79
Rice,70.7,30.3,82.4,68.0,0.8,0.6,1,33.0,38.7,17.02
Mango,63.7,44.9,94.0,94.6,1.5,20.0,1,59.4,60.4,32.62
Rice,52.8,39.4,79.0,29.6,4.4,8.8,0,19.5,21.2,6.13
Onion,93.2,33.5,55.6,0.1,5.1,20.2,1,34.1,40.2,26.79
Mango,90.6,24.2,68.4,27.2,2.6,13.3,1,28.8,40.5,24.25
Potato,100.0,33.7,73.0,21.8,3.2,21.6,1,55.7,59.4,29.08
Onion,99.8,30.8,35.1,66.2,0.9,22.2,1,54.1,73.9,24.73
Mango,77.8,27.8,65.4,63.4,3.0,0.2,0,25.7,20.7,4.83
Mango,88.4,18.9,76.1,59.3,9.7,1.8,1,18.7,20.9,28.98
Tomato,97.2,41.6,40.9,1.6,9.4,6.0,1,43.2,45.4,30.67
Mango,92.5,28.5,80.7,72.9,3.3,16.1,0,30.1,30.7,9.99
Onion,62.4,20.8,67.9,32.4,5.7,21.3,1,45.2,54.2,22.87
Rice,72.5,26.0,91.9,66.5,9.1,11.0,1,16.4,17.6,29.39
Onion,56.5,27.4,32.8,55.7,0.1,14.6,1,21.0,16.7,15.36
Potato,97.7,39.8,47.2,34.3,8.1,4.5,1,45.9,39.5,28.58
Mango,80.3,37.0,69.1,13.5,9.5,19.3,1,24.6,29.7,30.79
Mango,61.4,38.1,49.3,9.4,0.9,23.2,0,53.6,45.8,6.0
Mango,83.6,15.3,76.4,83.2,1.6,6.4,1,17.6,21.4,18.79
Mango,80.9,27.5,79.3,91.8,9.6,11.9,1,24.7,27.6,36.91
Tomato,67.9,29.4,36.7,65.0,5.4,2.1,1,59.9,64.4,17.77
Tomato,55.7,15.6,63.4,10.3,0.1,13.4,1,34.5,37.5,8.49
Rice,83.6,22.8,63.1,40.2,2.6,12.1,0,46.6,54.9,6.5
Mango,76.0,37.8,54.0,72.9,4.5,3.5,1,23.2,21.4,25.95
Potato,88.6,19.1,90.6,78.0,6.9,10.6,1,42.4,47.0,28.01
Rice,76.0,31.1,83.8,11.8,7.3,8.0,1,47.7,44.3,27.38
Mango,92.6,21.5,75.3,0.0,10.0,12.5,1,29.2,32.8,24.31
Tomato,77.6,15.4,76.4,71.2,2.9,14.1,1,52.3,62.6,19.33
Potato,78.0,22.2,60.0,35.7,5.4,0.2,1,42.2,47.4,16.14
Rice,93.8,44.3,89.9,25.4,5.3,18.3,1,32.5,38.7,29.15
Potato,70.2,39.0,75.1,1.3,4.1,17.1,0,40.1,39.9,6.49
Mango,56.7,43.8,77.4,54.0,1.7,8.8,1,41.0,44.7,23.31
Onion,51.4,29.6,86.0,85.1,9.8,1.3,0,22.4,23.9,5.9
Potato,87.8,18.3,47.8,95.8,8.5,18.1,0,33.1,34.9,5.99
Potato,81.0,31.4,82.5,56.6,5.0,22.9,1,30.5,29.8,31.0
Tomato,85.2,28.6,42.7,51.4,6.0,5.8,1,33.0,34.2,21.99
Mango,60.6,40.3,52.4,8.5,2.3,7.8,1,49.2,46.0,19.34
Potato,56.8,17.9,51.8,54.9,5.4,4.4,1,36.7,31.1,18.49
Mango,50.7,29.6,93.6,38.0,6.9,13.8,0,57.3,57.0,6.12
Tomato,67.5,19.5,85.7,60.7,5.2,3.7,1,28.2,33.7,19.62
Mango,79.5,24.7,75.6,38.9,9.9,8.5,1,33.7,38.3,28.4
Tomato,69.6,37.1,77.3,24.0,6.1,16.7,1,50.4,46.0,28.44
Tomato,71.9,29.3,66.5,9.5,3.7,13.4,1,39.6,41.1,23.02
Rice,95.2,26.3,91.6,31.5,7.7,9.3,1,39.6,47.7,28.38
Mango,67.4,26.8,62.3,9.7,1.7,10.1,0,17.4,18.0,6.07
Onion,75.7,28.8,54.7,17.7,3.8,13.5,1,32.9,29.2,21.94
Rice,89.2,38.6,40.6,98.7,3.5,0.1,0,27.2,39.1,3.85
Tomato,69.8,41.8,81.1,44.4,4.3,1.9,1,60.0,64.5,23.66
Onion,81.1,43.7,77.7,53.2,7.8,21.2,1,28.9,26.7,37.32
Potato,93.1,38.6,55.0,87.4,4.8,1.9,1,54.8,61.7,30.11
Potato,97.5,24.5,31.6,99.6,7.9,17.0,1,45.4,49.4,36.49
Rice,57.4,35.6,84.5,58.3,5.8,22.1,1,30.3,26.4,30.72
Onion,96.3,28.1,30.7,81.2,3.4,6.5,0,39.5,44.0,5.94
Mango,74.6,22.6,75.7,32.7,8.1,8.9,0,52.8,65.9,7.7
Onion,62.9,40.2,93.1,30.6,2.4,13.7,1,54.8,58.3,24.78
Rice,73.0,16.2,58.4,40.3,2.2,21.2,1,22.2,17.6,22.22
Mango,99.0,42.1,45.3,67.3,5.0,22.6,1,30.3,34.9,32.46
Mango,74.6,28.8,75.8,68.2,2.6,17.7,0,30.1,35.8,7.78
Potato,66.4,34.1,83.1,31.5,0.1,2.1,1,16.9,17.1,17.4
Onion,81.7,34.8,65.5,13.3,6.5,16.1,0,41.9,42.5,9.15
Mango,62.0,41.9,92.9,63.2,5.1,9.8,1,53.5,76.9,30.12
Rice,53.8,34.1,33.4,12.8,4.5,11.3,1,32.2,32.2,21.4
Potato,56.4,33.4,62.8,57.8,9.7,1.2,0,48.3,45.0,6.38
Mango,56.4,17.0,76.7,69.3,5.7,4.6,1,43.2,47.7,18.42
Onion,57.6,30.6,86.1,70.1,8.6,19.0,1,31.9,37.8,31.54
Potato,56.9,19.5,41.7,75.3,1.4,10.9,1,21.3,25.2,13.66
Onion,82.0,37.1,82.0,87.3,5.7,7.2,1,46.9,34.2,30.18
Onion,59.1,30.4,65.9,50.0,8.7,9.2,1,53.5,53.5,28.28
Onion,67.3,35.4,55.8,73.0,5.8,20.5,1,45.9,58.4,31.11
Potato,94.8,16.3,38.6,61.9,7.2,18.0,0,15.8,18.2,7.0
Mango,73.7,17.5,86.2,18.7,3.7,6.5,1,24.7,22.6,18.48
Tomato,83.4,36.5,40.2,2.6,0.9,2.8,0,18.1,23.3,2.69
Mango,58.6,17.2,50.1,28.5,4.6,6.0,1,40.7,50.6,19.41
Potato,59.6,17.1,48.9,44.3,3.9,22.1,1,49.0,51.8,22.09
Tomato,52.0,15.4,86.6,61.7,8.7,14.0,1,20.0,24.6,25.41
Tomato,58.4,43.7,73.7,85.0,2.4,12.8,1,52.7,73.8,28.52
Tomato,63.9,37.1,81.8,19.6,9.7,14.3,1,40.0,37.7,29.43
Rice,58.9,25.6,46.3,12.6,9.6,8.8,0,46.0,54.5,5.7
Potato,54.4,23.9,70.6,96.3,2.5,19.4,1,58.7,82.1,20.79
Rice,56.0,25.5,67.2,10.8,3.5,12.6,1,18.8,22.5,20.16
Tomato,73.0,38.2,84.1,47.8,9.0,2.8,1,55.6,54.8,24.5
Rice,60.3,34.8,88.9,58.6,9.7,3.1,0,20.7,23.5,7.63
Rice,68.2,20.6,30.8,54.1,4.4,12.9,0,32.7,42.7,2.63
Potato,75.2,20.2,73.8,8.6,3.2,22.5,1,53.3,50.5,18.89
Onion,84.5,18.0,33.4,5.7,5.3,7.4,1,55.8,61.1,14.32
Rice,52.0,34.8,65.7,10.5,6.9,20.9,1,37.8,40.2,31.14
Rice,90.0,37.9,48.7,58.6,2.7,18.3,1,41.7,42.0,26.0
Tomato,81.4,23.0,49.9,54.4,7.4,5.9,1,46.9,53.3,25.46
Tomato,54.1,15.6,52.9,23.4,0.5,0.9,1,52.5,56.9,9.42
Tomato,93.7,17.5,70.4,63.8,0.5,2.4,1,20.5,24.5,10.56
Mango,96.0,44.0,51.7,82.0,3.9,17.5,1,51.5,65.4,32.67
Rice,53.1,23.9,77.6,4.2,3.5,4.8,1,36.7,33.3,17.38
Tomato,63.8,38.1,56.3,49.8,3.2,8.9,0,35.3,39.2,3.19
Potato,90.3,33.7,34.4,68.9,4.9,12.0,0,34.1,37.2,9.26
Mango,87.4,26.5,80.9,25.2,3.2,17.4,1,37.9,42.9,23.32
Onion,59.2,21.2,48.6,30.8,1.9,2.7,1,57.5,63.1,11.79
Rice,60.5,18.6,58.1,61.4,3.1,9.8,1,39.7,37.8,17.96
Rice,68.5,33.5,74.6,89.8,9.7,11.6,1,57.9,76.3,35.67
Potato,74.2,38.2,51.6,81.0,4.1,13.0,0,23.1,31.9,5.29
Onion,80.9,34.3,33.7,58.3,4.4,19.6,1,47.6,56.2,27.42
Onion,68.4,30.9,54.3,73.0,5.8,4.1,0,51.6,61.3,6.86
Mango,73.1,16.3,91.4,36.5,9.8,19.4,0,45.6,51.0,7.56
Rice,87.4,44.1,71.7,64.1,2.4,16.6,1,42.3,52.7,31.36
Tomato,51.8,39.0,73.6,46.6,6.8,13.3,1,40.4,29.6,27.93
Potato,62.6,23.8,71.1,19.0,7.2,16.8,1,53.7,59.1,25.42
Potato,85.7,44.4,42.9,70.2,6.1,9.9,1,52.0,52.7,32.07
Potato,94.8,33.1,57.2,55.6,0.9,3.3,1,20.5,23.0,16.83
Potato,75.6,32.5,78.8,35.9,6.8,16.0,1,53.2,67.2,27.88
Tomato,76.6,37.4,36.6,91.1,0.6,12.6,0,33.6,37.1,4.33
Tomato,55.4,39.4,48.1,2.1,6.0,15.3,1,26.4,27.6,22.67
Mango,72.4,34.7,48.0,31.6,7.4,8.1,1,54.1,48.2,24.73
Rice,76.6,18.8,58.1,5.7,2.1,21.8,1,34.4,37.3,18.59
Tomato,62.1,25.1,93.7,76.7,8.4,14.1,1,51.4,61.7,29.68
Mango,63.5,42.8,34.4,70.2,0.3,2.0,1,26.9,26.2,20.13
Onion,68.9,21.7,63.7,33.1,8.4,10.8,0,15.2,12.1,6.17
Rice,51.0,26.2,41.7,67.6,4.6,18.2,1,37.3,53.7,22.53
Tomato,66.1,28.0,93.1,39.6,2.2,19.1,1,19.5,22.4,22.6
Onion,60.6,28.2,37.4,75.6,1.3,11.9,1,48.9,52.2,21.44
Mango,66.4,33.4,56.2,45.4,9.5,21.5,1,27.4,35.9,33.67
Tomato,56.0,43.3,78.0,41.2,0.7,6.4,0,35.0,39.2,6.4
Tomato,94.5,22.2,75.8,93.5,2.0,9.9,1,18.9,24.6,26.36
Onion,79.7,18.6,57.5,25.1,3.5,21.6,0,27.9,35.9,6.03
Tomato,84.0,20.9,52.5,12.0,6.2,21.5,1,50.2,45.6,19.86
Potato,89.5,41.6,55.8,58.5,5.4,16.5,1,21.8,25.5,32.9
Tomato,74.9,34.4,47.2,96.9,1.3,20.6,1,44.1,60.0,26.52
Rice,54.3,23.6,43.3,37.8,2.9,2.1,1,56.3,53.5,17.33
Onion,76.9,39.5,61.4,6.2,2.4,20.8,1,45.6,43.4,25.26
Rice,79.3,40.8,47.5,33.9,2.1,7.7,0,51.5,50.3,4.3
Mango,87.3,40.4,48.7,50.6,4.1,4.3,1,19.9,24.6,26.25
Rice,71.6,42.6,72.7,16.2,7.0,5.7,1,26.3,30.0,27.23
Potato,56.4,22.6,93.0,65.8,2.2,10.0,1,55.3,44.7,16.54
Potato,64.2,37.7,69.2,99.8,3.7,6.0,1,47.2,54.3,29.19
Rice,68.2,28.8,35.0,45.2,3.9,7.7,1,43.8,46.5,18.74
Mango,82.3,40.3,34.9,35.5,9.8,3.2,1,44.9,48.6,32.03
Tomato,78.5,36.9,91.8,40.1,9.5,7.1,1,33.6,32.8,31.74
Potato,67.8,38.3,49.3,11.5,8.0,13.7,1,17.0,19.6,30.51
Rice,99.3,34.7,36.0,88.3,2.4,10.6,1,50.3,63.3,27.64
Rice,80.3,20.3,68.9,41.5,0.7,8.3,1,45.5,45.7,17.3
Rice,61.9,31.4,70.5,38.7,3.2,17.9,1,36.3,30.7,22.78
Tomato,55.1,44.5,72.2,66.0,2.7,21.4,1,55.5,58.5,31.3
Onion,57.6,43.1,47.4,44.2,5.1,18.2,0,30.1,36.6,3.81
Mango,62.3,16.3,31.0,64.8,7.8,8.0,1,28.2,29.3,20.84
Onion,58.0,19.9,92.7,6.1,8.6,17.9,1,54.3,47.5,21.75
Mango,59.3,19.0,46.3,81.4,8.4,3.6,1,50.9,61.8,20.97
Mango,64.3,36.8,73.9,94.1,3.6,3.1,1,38.2,50.1,24.12
Rice,58.7,39.5,75.9,64.9,6.9,8.3,0,20.9,23.0,8.8
Potato,94.8,21.4,69.7,95.5,3.1,19.4,1,24.7,21.2,27.67
Rice,54.0,30.2,50.3,15.1,0.6,5.9,0,44.5,46.9,3.3
Tomato,76.2,40.2,47.6,47.7,7.0,1.5,0,32.3,36.3,6.26
Mango,70.5,37.0,68.8,60.2,0.1,3.2,1,52.6,51.5,21.4
Potato,99.1,31.3,86.3,58.2,4.1,20.6,1,57.7,68.6,31.09
Mango,55.6,32.7,91.5,40.1,3.3,15.2,1,51.3,49.4,24.76
Mango,69.9,30.3,36.9,33.8,6.9,6.1,1,32.0,35.3,21.28
Rice,98.5,23.9,40.1,12.7,7.7,13.3,1,50.5,53.8,26.78
Potato,93.3,32.0,91.4,39.2,3.0,12.7,1,30.8,36.7,28.02
Potato,90.9,35.7,77.9,16.3,8.1,15.7,1,22.5,24.7,31.12
Mango,62.9,41.2,87.4,73.4,2.9,5.6,1,16.5,17.7,25.18
Potato,58.5,34.1,43.2,20.9,4.5,20.7,1,32.4,31.7,20.95
Potato,83.4,37.8,68.2,5.9,7.3,7.4,0,55.7,61.5,4.81
Rice,96.5,19.8,75.6,55.2,6.9,16.7,1,25.8,27.3,23.99
Onion,77.8,28.8,74.2,59.5,9.9,0.4,0,24.3,23.6,5.2
Tomato,78.6,15.3,56.5,87.2,2.3,8.9,1,58.6,65.9,19.38
Onion,64.0,22.4,31.0,57.7,6.6,8.4,1,16.1,18.6,21.34
Potato,88.5,36.8,67.9,34.5,6.1,13.0,1,50.4,52.8,33.65
Mango,59.4,44.8,46.5,80.3,9.2,1.7,1,29.5,36.5,31.25
Tomato,66.2,18.0,59.3,54.0,1.6,19.0,1,16.7,19.0,17.77
Tomato,71.3,27.0,92.2,7.9,7.5,5.2,1,56.3,51.1,24.69
Mango,75.4,39.0,55.9,56.6,5.7,16.2,0,21.3,27.7,3.75
Tomato,62.1,21.1,84.6,90.8,2.7,19.3,1,39.8,48.4,22.22
Mango,55.7,31.7,42.3,39.6,4.7,13.5,1,27.3,34.2,23.9
Tomato,80.5,37.0,73.7,29.6,3.3,17.8,0,17.9,20.8,6.25
Onion,64.4,33.5,93.5,14.3,5.8,15.9,0,17.2,12.9,6.23
Tomato,79.1,20.6,36.6,15.1,8.9,8.5,1,20.2,25.5,19.69
Rice,57.7,25.7,30.5,43.3,5.7,19.4,1,18.2,20.2,23.99
Mango,74.1,38.5,58.2,59.6,6.3,7.1,0,49.2,56.8,5.43
Tomato,76.6,31.6,36.0,8.1,5.2,13.7,1,36.9,43.5,21.86
Mango,52.6,15.2,78.6,94.0,0.5,17.9,1,30.4,42.3,17.14
Rice,66.8,37.8,89.4,75.5,2.3,9.1,1,33.8,34.4,25.82
Tomato,56.7,16.1,58.2,58.7,4.9,7.3,0,56.8,58.0,8.52
Tomato,53.2,37.4,46.8,82.8,3.1,11.0,1,56.0,54.4,24.39
Rice,99.5,21.1,58.2,8.0,1.8,19.6,0,47.2,44.3,4.55
Rice,66.1,43.7,77.0,47.7,5.0,22.3,1,54.8,51.6,32.52
Rice,90.5,26.0,30.6,63.0,3.2,13.1,0,29.4,24.2,5.99
Mango,62.7,24.8,68.3,82.9,2.6,15.9,1,32.1,37.4,24.61
Rice,84.1,19.5,69.9,78.3,4.6,21.7,1,42.6,59.6,28.09
Mango,88.0,24.2,71.4,27.7,1.3,2.4,0,43.1,60.6,4.34
Onion,79.8,41.3,45.7,94.1,9.3,5.6,1,36.7,35.7,34.39
Tomato,73.6,44.9,76.4,12.4,8.7,17.0,1,33.0,35.0,33.77
Tomato,70.6,26.0,35.9,87.5,7.1,19.8,1,59.4,76.3,29.63
Potato,67.4,28.5,43.0,97.1,1.1,20.6,1,52.0,60.5,21.18
Onion,96.5,36.7,87.0,17.7,7.8,10.0,1,34.6,38.7,35.54
Rice,91.5,41.6,78.0,72.2,8.1,2.1,1,47.7,50.7,34.59
Rice,98.3,32.8,30.9,4.0,7.7,10.5,1,27.1,34.6,23.38
Onion,56.2,26.7,46.1,40.5,1.1,5.5,1,19.5,18.3,14.72
Rice,86.5,27.4,43.9,51.6,6.4,7.0,1,30.9,36.2,21.56
Potato,96.9,35.9,47.6,58.1,8.3,18.5,1,33.1,38.2,33.88
Mango,59.1,15.1,46.1,93.6,5.8,1.8,0,15.7,17.4,1.81
Tomato,53.3,33.6,34.1,67.2,6.5,19.9,1,51.7,62.9,28.97
Onion,87.1,25.7,59.8,48.1,4.6,10.3,1,31.2,34.4,19.95
Tomato,78.7,38.8,77.6,81.0,5.3,14.3,0,41.1,41.9,8.9
Mango,92.1,17.8,69.4,95.1,0.3,2.2,1,18.3,20.4,18.74
Onion,57.0,32.6,73.7,2.2,6.4,8.1,0,22.9,19.7,3.78
Mango,89.8,29.4,35.3,98.3,0.8,2.2,0,55.0,65.6,5.36
Rice,60.1,34.3,91.8,8.6,4.4,23.1,0,42.4,52.2,4.85
Rice,58.2,16.9,84.5,81.4,2.9,19.4,1,57.8,57.8,24.07
Rice,58.2,32.4,82.3,28.0,5.5,11.0,0,59.9,57.9,4.64
Mango,90.7,31.8,83.5,13.2,1.3,5.4,0,31.7,32.0,6.17
Mango,83.3,31.8,90.6,44.0,6.9,22.4,1,28.4,31.0,29.27
Mango,76.2,33.1,65.4,64.4,8.0,8.3,1,53.6,60.7,27.64
Tomato,67.9,35.3,43.0,38.1,1.6,3.9,1,59.9,80.5,15.3
Mango,93.9,39.1,70.1,5.5,1.0,13.5,1,43.3,57.3,22.56
Rice,69.6,23.1,78.3,59.9,1.5,22.7,1,50.8,62.2,24.24
Potato,90.8,39.8,78.0,90.2,8.8,0.1,1,50.2,56.1,34.61
Mango,72.0,29.9,63.9,38.3,5.3,5.7,1,31.0,29.8,21.06
Potato,68.8,17.3,34.4,21.6,4.7,22.5,1,40.8,55.2,14.12
Rice,73.1,16.8,54.1,44.3,1.1,4.1,1,52.5,55.8,12.23
Mango,65.1,25.0,89.8,4.8,6.5,2.7,1,46.0,52.5,20.62
Tomato,87.4,38.5,68.0,82.0,8.7,13.7,0,16.0,19.0,14.51
Tomato,75.1,36.2,65.0,82.6,8.3,20.7,1,30.2,33.4,35.74
Potato,61.6,38.7,47.5,58.8,6.3,11.5,1,21.5,27.4,26.86
Tomato,95.0,30.5,53.9,35.3,0.8,23.9,1,25.5,29.8,24.71
Tomato,69.2,28.2,88.2,80.0,1.1,16.3,1,55.7,69.6,23.87
Tomato,77.2,19.4,73.3,55.5,0.5,1.8,0,16.7,19.4,5.99
Rice,95.3,24.8,81.2,82.6,2.6,23.8,0,24.9,27.2,5.76
Tomato,81.2,28.0,59.5,63.1,1.4,9.8,1,28.9,32.1,20.06
Onion,55.8,17.7,71.0,78.4,2.6,6.9,0,42.8,46.6,6.17
Mango,97.0,21.6,46.1,59.9,3.9,13.4,1,39.0,35.4,23.71
Tomato,81.4,32.9,75.9,41.4,9.4,7.3,1,24.8,23.6,32.47
Tomato,66.7,37.1,57.8,95.8,6.1,2.1,1,22.4,27.1,27.28
Tomato,57.0,45.0,58.8,54.1,8.3,0.0,0,25.7,23.4,9.75
Onion,89.7,43.0,72.2,60.5,7.1,10.8,1,37.6,39.1,30.6
Tomato,81.0,34.3,90.9,22.0,1.1,20.1,1,27.2,25.6,20.81
Tomato,76.7,27.6,34.2,62.6,7.4,13.7,0,57.6,59.4,9.38
Mango,94.7,34.1,83.6,57.2,2.8,24.0,1,35.9,38.6,30.91
Onion,89.4,38.6,49.0,18.5,6.4,6.9,1,17.6,18.3,27.59
Onion,57.6,18.6,58.9,6.0,3.4,6.7,0,47.8,42.4,3.35
Tomato,65.6,27.3,31.4,60.4,10.0,3.8,1,29.8,31.9,25.89
Onion,62.4,40.2,49.6,76.4,2.6,3.9,1,44.4,42.5,20.75
Potato,87.2,26.5,62.7,52.3,2.8,6.8,1,27.6,27.7,20.54
Onion,51.7,32.2,33.7,22.7,9.3,19.0,1,40.7,49.3,30.78
Onion,78.5,32.6,61.9,66.7,0.2,21.7,1,49.7,61.9,25.04
Onion,88.1,20.5,90.3,8.0,7.0,23.4,1,56.8,51.3,28.41
Rice,93.8,25.9,36.9,44.2,7.3,5.6,1,26.8,35.7,25.27
Rice,67.1,25.0,79.7,16.3,8.4,21.2,1,30.1,30.8,25.95
Rice,91.1,15.8,56.6,18.4,9.7,7.9,0,35.9,36.2,7.47
Onion,55.5,15.7,72.6,20.2,9.8,2.7,0,56.7,54.8,4.28
Potato,92.3,40.0,46.9,38.7,0.7,20.9,1,55.6,61.6,25.24
Onion,56.4,23.2,40.4,5.1,8.2,15.3,1,19.0,26.6,25.89
Tomato,69.9,30.5,40.4,39.8,6.5,4.0,0,20.9,18.2,6.67
Potato,89.9,24.0,34.6,51.2,6.5,10.3,1,37.3,29.5,22.78
Rice,57.5,43.2,42.1,48.3,1.3,6.9,1,19.8,22.6,21.0
Mango,61.5,22.8,73.2,38.3,6.5,17.7,0,30.6,36.2,6.3
Potato,86.1,27.9,87.3,83.9,9.8,10.9,0,21.7,24.0,12.0
Rice,86.0,41.2,82.9,14.5,9.1,23.7,0,43.6,51.9,9.23
Potato,82.1,40.3,74.5,50.6,4.4,1.3,0,57.7,53.7,10.73
Potato,84.7,20.6,37.2,6.2,0.4,8.5,1,59.9,57.4,8.53
Onion,77.1,39.1,48.8,7.1,3.6,11.6,1,31.9,35.7,22.15
Tomato,62.6,28.7,50.1,57.4,8.3,12.1,1,42.0,57.2,26.05
Mango,67.3,29.5,46.2,56.6,7.0,7.6,1,53.5,63.4,23.89
Rice,59.1,19.0,63.5,87.8,4.6,17.5,1,20.3,24.2,23.68
Potato,95.4,17.4,64.8,55.8,0.6,21.0,0,46.0,43.2,3.76
Mango,79.2,36.8,53.2,96.0,4.3,22.5,0,33.4,38.9,11.81
Potato,70.0,29.9,53.0,4.9,4.7,19.3,1,24.3,22.4,25.37
Tomato,73.1,28.1,83.9,9.8,9.3,20.4,0,33.1,45.2,8.3
Mango,97.4,36.9,81.3,4.4,6.4,13.2,0,18.4,17.5,6.19
Rice,57.7,38.0,50.0,18.5,3.1,19.8,1,46.3,45.4,22.28
Potato,79.3,19.8,89.4,54.1,5.3,7.3,1,26.4,23.2,23.75
Tomato,75.3,33.3,91.9,64.6,0.7,9.6,1,29.0,32.3,23.28
Mango,80.6,19.1,51.2,4.6,9.7,7.6,1,20.4,22.6,21.44
Potato,50.9,37.5,53.0,94.6,3.6,11.2,1,53.9,71.5,28.17
Potato,93.6,34.7,62.9,84.2,4.8,6.9,1,37.2,45.3,30.63
Rice,96.6,43.7,91.2,29.7,3.6,23.1,1,40.7,40.0,32.81
Tomato,78.3,17.1,87.0,7.7,6.8,7.5,1,40.6,50.0,17.84
Onion,84.8,16.7,36.7,17.0,6.6,2.4,0,33.5,30.6,1.38
Potato,96.1,23.5,55.5,12.7,7.2,12.6,1,23.7,23.5,24.53
Mango,85.4,22.9,66.0,12.3,2.7,1.4,0,48.5,54.2,7.89
Rice,57.6,22.4,62.7,51.9,3.2,2.7,1,20.7,19.3,13.86
Rice,78.8,42.2,42.6,24.6,1.3,5.3,1,19.7,24.8,21.72
Potato,80.3,22.5,85.8,35.8,6.6,11.1,0,47.0,67.7,4.76
Potato,71.2,23.2,74.0,99.0,0.4,10.4,1,24.4,25.8,19.87
Potato,86.8,37.8,84.5,68.4,6.0,19.2,1,28.8,28.9,36.46
Onion,96.7,28.5,85.8,94.9,8.7,17.7,0,36.4,39.3,8.84
Potato,96.3,38.3,78.6,14.3,8.9,10.2,1,35.2,35.8,32.07
Tomato,72.5,17.0,58.5,38.2,4.5,8.0,1,46.9,53.4,17.79
Mango,55.7,29.6,69.7,55.5,4.6,7.6,1,43.1,38.8,21.04
Potato,99.2,16.0,40.4,7.7,0.8,18.6,0,44.0,50.5,5.54
Onion,91.9,16.9,73.8,0.4,6.7,1.2,1,47.1,65.4,16.92
Mango,56.2,42.2,41.7,67.0,8.2,0.3,1,28.2,22.5,25.27
Rice,96.0,19.2,75.1,64.2,2.4,19.1,1,29.5,27.3,22.41
Potato,93.5,31.0,44.9,41.1,4.2,11.5,1,34.7,35.9,17.87
Mango,75.9,27.3,37.6,49.0,8.4,3.1,0,28.8,34.1,6.08
Rice,79.6,25.4,40.7,41.5,8.8,5.7,1,59.3,73.2,27.02
Onion,70.0,42.0,30.1,2.4,2.4,22.4,1,51.6,63.1,21.43
Tomato,52.7,15.7,76.7,33.5,5.5,20.6,1,22.4,19.0,22.78
Potato,66.8,34.9,77.6,17.7,1.9,17.0,0,15.3,15.2,6.4
Tomato,90.1,43.9,63.5,9.8,1.0,11.6,1,16.9,16.3,21.23
Onion,50.2,31.8,40.5,95.7,9.1,12.5,0,26.0,28.3,10.98
Mango,66.7,43.1,35.4,59.9,8.2,23.4,0,20.1,22.2,8.41
Mango,69.9,16.6,31.2,72.9,7.6,23.2,1,39.0,34.9,31.22
Onion,76.9,27.6,40.8,31.5,0.5,5.2,1,53.6,55.4,10.74
Onion,96.0,22.8,87.9,39.3,8.4,19.5,1,48.2,57.2,30.82
Potato,67.3,36.9,45.7,23.7,4.4,4.7,0,24.7,24.8,4.85
Rice,67.3,44.4,53.0,9.7,3.4,5.1,1,33.0,35.3,21.24
Tomato,86.9,22.7,36.8,17.9,5.5,16.2,1,37.9,51.3,23.01
Tomato,72.6,34.6,44.5,79.8,0.9,9.7,0,51.5,72.0,12.33
Mango,61.2,20.9,63.7,67.8,7.6,22.4,1,52.8,40.9,29.91
Mango,72.6,32.0,69.5,54.7,5.8,2.1,1,55.9,62.5,23.89
Potato,57.0,28.9,45.9,47.5,1.9,12.3,1,37.9,58.3,16.5
Onion,58.8,44.2,33.8,92.2,1.9,22.0,1,46.2,54.2,26.34
Tomato,74.9,33.3,55.4,7.3,1.8,21.7,0,20.0,22.1,7.76
Potato,70.9,25.5,45.2,28.1,0.6,3.8,1,40.4,52.4,11.36
Mango,95.7,18.4,44.3,35.0,5.9,8.8,1,26.2,29.7,25.93
Mango,68.1,19.5,92.4,78.2,8.4,14.9,0,34.4,41.5,9.17
Tomato,79.0,21.8,70.1,99.3,0.2,3.8,1,43.5,46.5,18.99
Mango,81.6,22.5,66.2,24.1,0.5,23.2,0,26.6,30.0,5.64
Mango,50.7,40.5,57.0,87.4,5.7,22.0,0,17.3,20.2,9.26
Rice,83.2,31.8,57.9,83.1,8.2,4.0,1,15.5,19.0,28.39
Onion,58.9,30.7,65.2,22.5,3.3,2.9,1,16.0,16.6,13.41
Mango,98.1,18.4,75.3,39.9,3.5,2.0,0,15.4,15.9,3.35
Rice,57.4,40.8,75.6,41.0,6.0,21.8,1,20.0,16.2,31.71
Potato,70.7,36.7,41.2,97.8,2.7,4.6,1,25.8,26.9,23.16
Mango,54.3,17.0,62.5,18.1,0.3,10.0,0,25.0,31.0,0.02
Potato,99.8,36.2,56.8,79.9,7.4,10.8,1,59.4,69.5,32.21
Mango,75.1,31.3,86.6,33.4,6.3,14.4,0,28.8,27.3,8.96
Tomato,79.8,17.5,71.0,73.1,5.8,1.7,1,20.7,16.9,22.44
Rice,53.4,28.7,64.6,42.0,7.4,5.4,1,39.6,42.7,23.65
Rice,87.5,29.5,37.5,57.8,6.8,22.4,1,53.6,66.4,31.91
Tomato,60.5,20.0,69.4,83.3,2.1,21.8,0,45.5,46.8,3.57
Onion,94.9,43.4,37.6,80.4,3.5,18.8,1,28.3,25.0,31.16
Rice,60.3,40.5,51.9,86.6,1.3,0.5,0,40.3,40.7,6.0
Potato,59.5,35.1,39.3,6.0,1.3,7.8,1,47.2,54.2,13.07
Rice,51.8,28.9,75.0,69.2,6.8,15.1,1,47.8,61.4,28.61
Onion,73.6,27.4,43.4,14.0,8.6,6.6,1,45.0,47.8,20.1
Potato,78.2,34.5,55.5,41.6,9.6,21.8,1,54.2,68.2,31.2
Potato,53.3,31.4,88.2,54.9,6.3,15.2,1,54.2,67.2,29.76
Tomato,88.8,16.9,43.3,40.3,1.8,1.7,1,41.1,37.9,14.79
Mango,72.7,30.4,63.0,52.0,1.1,21.8,1,34.3,44.2,22.35
Tomato,76.2,39.2,57.3,99.7,8.1,23.0,0,43.9,50.2,6.76
Mango,72.0,28.8,31.2,13.5,5.8,1.9,1,51.8,47.6,12.98
Tomato,70.0,16.6,81.5,67.5,6.2,12.8,0,15.3,20.8,9.72
Mango,78.0,38.6,34.5,39.6,7.8,7.3,1,59.6,64.5,27.82
Rice,57.8,21.0,60.8,13.3,7.0,9.4,1,23.2,18.8,18.15
Potato,59.1,22.8,66.4,15.9,8.3,4.3,1,36.2,35.9,19.65
Mango,93.1,19.9,70.8,94.9,0.6,13.9,1,54.2,51.9,18.59
Rice,97.3,24.9,74.8,88.0,7.5,23.0,1,25.1,25.1,36.69
Onion,68.7,37.7,46.5,90.7,8.5,12.1,1,36.5,37.7,37.74
Tomato,63.5,30.6,30.6,99.2,2.9,2.0,1,21.0,22.3,19.21
Onion,82.2,21.1,77.0,20.8,6.4,14.9,0,32.8,34.6,10.66
Rice,70.4,41.3,64.8,35.5,3.1,8.2,1,23.0,24.9,23.6
Onion,51.3,41.4,84.3,66.9,9.6,20.5,0,31.4,37.3,12.84
Onion,57.8,41.1,83.4,48.4,0.3,10.4,1,31.8,31.4,22.91
Rice,85.8,22.2,84.8,41.8,5.8,4.6,1,59.7,76.2,22.77
Potato,82.9,28.5,61.5,35.8,1.7,4.6,1,59.8,54.8,21.11
Mango,51.4,44.5,51.7,59.4,7.1,18.5,1,20.2,24.0,34.77
Tomato,61.1,38.2,81.5,57.6,1.8,6.4,1,47.7,64.2,23.25
Mango,61.6,15.8,59.3,16.1,2.4,18.4,1,17.3,18.6,11.5
Tomato,83.6,17.0,41.9,47.2,4.9,4.9,1,16.4,18.5,14.58
Mango,51.0,28.9,85.6,55.3,9.1,7.7,1,19.7,18.8,29.11
Onion,55.2,42.3,87.4,57.0,2.1,11.2,1,58.4,59.8,28.75
Potato,90.0,31.2,60.3,21.0,1.4,22.6,1,57.3,76.6,23.67
Onion,58.9,29.9,34.9,74.2,7.6,22.4,1,23.7,28.8,29.78
Potato,82.6,18.2,55.2,2.5,5.0,5.0,0,22.3,25.9,0.1
Rice,61.9,34.7,82.2,35.5,9.1,8.6,0,25.8,20.9,5.74
Tomato,55.0,39.7,88.6,78.0,1.5,3.6,1,38.2,37.9,23.62
Tomato,62.2,26.4,43.2,56.4,6.5,12.2,0,40.6,55.3,4.35
Rice,86.1,38.3,34.4,26.1,2.3,11.1,0,25.0,29.0,3.51
Mango,92.8,43.9,87.0,69.5,1.6,21.6,1,49.0,57.9,32.85
Rice,91.5,21.1,55.3,56.7,6.8,22.3,1,28.9,32.6,32.07
Rice,69.9,30.7,65.2,79.6,5.9,9.2,0,56.5,57.0,8.24
Potato,83.4,23.6,92.9,73.5,7.5,11.8,1,44.6,51.2,30.44
Rice,60.2,38.8,34.3,61.0,3.1,21.5,0,34.6,30.1,7.18
Tomato,64.7,32.3,72.1,48.8,4.5,19.4,1,50.5,43.4,28.31
Onion,94.8,34.0,34.8,13.3,4.1,0.1,1,51.8,51.3,18.32
Potato,50.7,38.9,54.4,26.1,9.8,7.7,1,28.1,31.7,27.62
Potato,54.3,26.9,82.2,41.9,2.9,10.1,1,30.3,26.2,21.26
Mango,60.4,42.5,58.2,59.9,2.9,5.5,0,57.1,63.9,5.56
Onion,51.3,31.0,94.8,51.4,3.5,4.8,0,22.4,21.3,2.96
Potato,59.1,19.7,66.3,28.8,5.6,0.9,1,16.9,16.4,18.91
Rice,79.2,35.9,50.9,0.6,2.5,15.4,1,35.4,45.9,17.12
Potato,71.1,38.8,44.3,49.6,9.2,6.3,0,51.1,56.4,10.47
Potato,94.6,24.5,52.8,28.6,2.7,1.3,1,49.7,48.0,17.19
Potato,90.9,40.7,54.2,73.5,9.0,5.5,1,56.4,63.6,31.95
Mango,67.1,42.2,34.5,2.4,1.0,19.2,1,39.0,34.3,20.93
Potato,63.0,23.3,54.0,58.5,6.6,20.4,0,19.5,22.6,5.85
Potato,69.0,44.5,60.2,94.1,9.1,11.6,0,41.5,52.5,10.99
Mango,79.5,19.2,77.0,17.4,1.7,10.0,1,50.0,60.0,16.74
Onion,63.4,21.1,72.7,47.2,9.7,23.5,1,19.2,27.3,31.8
Tomato,81.2,20.5,76.1,9.1,4.5,4.8,0,22.8,18.4,5.67
Mango,70.5,41.8,30.5,62.6,9.5,5.2,1,15.6,17.4,30.8
Mango,77.6,34.6,44.1,55.1,6.8,7.0,1,41.7,37.5,30.15
Potato,71.8,19.6,73.0,40.7,3.0,4.1,1,54.9,59.0,18.46
Potato,64.7,28.2,61.5,52.1,1.9,9.1,0,45.2,49.7,3.81
Tomato,97.4,33.5,30.3,89.7,3.0,21.9,1,59.2,85.4,32.14
Potato,88.2,17.5,82.3,19.6,0.9,14.8,1,17.8,19.5,17.89
Rice,57.0,41.5,80.2,2.3,1.4,9.9,1,55.6,60.5,19.14
Potato,93.4,39.1,65.6,86.2,1.0,22.4,1,51.6,64.6,30.63
Potato,74.4,30.2,34.3,57.7,4.2,1.2,1,29.1,31.8,22.04
Rice,94.7,44.0,79.8,89.1,8.0,5.0,1,58.8,80.8,36.47
Tomato,90.0,27.5,67.9,59.7,1.4,13.6,1,28.0,33.6,23.14
Rice,71.3,44.5,80.8,81.0,1.3,14.8,1,55.0,67.4,32.19
Mango,51.1,35.0,78.9,43.0,6.4,0.9,1,54.6,44.8,28.47
Rice,63.4,34.0,82.2,75.0,2.0,9.7,1,49.1,68.6,23.0
Onion,77.1,20.0,63.7,91.3,1.0,15.6,0,40.4,40.4,4.93
Mango,81.7,41.5,39.1,57.2,1.7,16.8,0,20.4,22.4,6.72
Potato,62.9,27.8,73.6,18.1,9.2,15.3,1,38.9,39.0,27.76
Mango,57.0,19.9,70.3,26.9,8.2,7.7,0,31.1,29.4,6.09
Tomato,91.7,15.4,78.2,19.9,3.5,2.2,1,50.6,46.6,13.85
Tomato,99.2,31.8,41.0,24.7,6.6,10.3,0,49.1,54.8,3.93
Rice,76.3,30.8,42.7,30.6,5.4,3.1,1,56.0,45.0,23.75
Mango,58.6,36.6,87.9,55.5,6.8,22.7,1,15.7,16.7,34.68
Potato,63.6,41.7,78.7,58.8,6.8,11.4,1,51.4,64.7,30.72
Tomato,50.9,17.4,89.0,42.6,6.3,7.6,1,57.2,68.4,20.91
Potato,95.7,36.9,79.3,61.5,2.7,18.4,0,50.5,58.8,11.19
Onion,55.9,20.6,68.8,8.2,0.4,12.0,1,20.9,20.1,10.4
Tomato,78.8,40.7,72.5,8.8,4.6,7.4,1,18.7,16.1,24.39
Rice,63.7,39.6,87.8,17.2,8.9,19.5,1,15.9,20.0,30.39
Onion,77.7,31.2,67.6,51.8,5.7,20.8,0,43.3,44.7,7.19
Mango,82.6,36.3,71.1,21.4,8.3,16.2,1,43.3,47.1,32.38
Potato,91.5,24.4,40.2,28.3,9.9,1.1,1,59.4,63.6,21.65
Tomato,60.3,29.1,60.8,40.0,1.6,13.6,0,32.9,39.5,4.44
Onion,50.5,39.6,76.6,81.2,6.9,18.3,1,29.9,41.2,35.82
Onion,56.8,28.8,47.6,1.4,6.7,3.3,1,43.1,56.9,19.06
Tomato,95.0,25.7,43.1,64.9,9.8,5.5,0,52.2,39.1,4.94
Mango,93.7,29.8,50.4,66.9,9.9,21.2,1,57.2,60.2,36.84
Mango,79.9,39.8,45.7,79.9,6.9,0.5,1,51.1,45.9,29.66
Rice,80.0,25.1,44.0,93.3,2.4,18.1,1,34.2,42.4,25.38
Mango,83.3,20.2,57.6,2.0,8.0,11.4,0,43.6,48.0,7.58
Rice,58.8,36.4,89.0,15.4,1.1,10.7,1,53.5,63.8,18.21
Onion,95.7,39.8,63.0,88.6,7.8,0.2,0,37.1,38.6,8.95
Tomato,70.9,18.0,42.2,45.9,9.1,19.7,0,24.8,23.4,4.36
Mango,69.2,22.2,35.0,56.5,3.8,8.6,1,22.6,22.0,15.33
Rice,75.9,19.3,75.3,66.3,6.3,13.0,0,15.0,13.1,7.88
Onion,52.3,25.4,54.9,67.9,4.3,16.3,1,47.3,43.1,23.65
Mango,58.3,28.5,83.4,93.2,4.4,16.9,1,20.0,17.6,27.78
Potato,86.9,37.5,72.9,99.7,3.1,22.9,0,26.0,24.5,6.43
Onion,54.1,34.5,81.8,72.0,7.6,12.8,0,28.4,26.6,9.46
Mango,80.2,33.6,47.7,28.7,9.4,9.6,1,40.2,46.6,25.52
Onion,62.3,25.6,75.0,88.0,9.4,22.9,1,32.9,38.0,37.15
Tomato,69.5,40.2,47.2,4.9,1.7,15.4,1,45.4,52.6,21.72
Tomato,64.4,29.1,91.0,23.1,8.7,7.2,1,17.5,22.3,23.16
Tomato,67.8,44.4,71.4,89.7,7.4,3.0,1,20.6,22.4,32.95
Potato,86.0,34.0,51.1,25.6,2.5,20.2,1,37.5,36.8,29.72
Tomato,64.9,18.8,47.5,22.1,0.7,8.7,1,30.2,43.2,13.59
Potato,78.3,35.3,42.4,13.8,2.7,15.9,1,28.3,35.0,19.9
Tomato,73.8,24.8,75.2,85.9,9.1,11.3,1,18.0,20.2,32.75
Onion,83.2,35.6,44.2,50.0,6.3,4.8,0,55.3,61.5,3.6
Mango,96.8,17.1,68.7,67.5,7.2,14.4,0,46.1,52.7,4.18
Mango,86.6,20.2,47.2,23.9,2.6,1.5,1,20.5,21.9,13.21
Tomato,60.7,40.7,73.0,75.8,7.2,9.9,1,17.9,20.1,33.16
Mango,51.6,21.8,83.0,76.0,0.3,13.1,1,58.9,69.2,20.16
Tomato,63.1,40.1,80.6,31.3,3.8,10.5,1,45.7,45.2,26.53
Tomato,79.8,23.4,79.5,41.1,6.3,18.0,1,33.8,28.9,27.73
Rice,52.6,34.3,42.2,21.0,1.5,19.9,0,46.6,36.7,1.77
Rice,74.8,35.8,35.7,97.7,8.2,18.5,1,49.0,60.5,35.26
Rice,79.8,30.4,75.4,64.6,2.4,0.9,1,50.1,43.2,22.32
Potato,66.7,24.2,53.9,93.5,6.5,4.7,1,36.5,42.7,25.72
Rice,88.5,21.4,58.1,30.3,4.1,12.9,1,34.3,31.8,20.9
Tomato,55.3,16.0,32.0,78.2,6.0,22.4,1,15.5,14.4,25.01
Onion,53.8,24.1,46.9,76.6,1.1,20.0,0,56.7,56.3,5.86
Rice,86.4,34.6,32.2,69.2,0.2,20.2,1,42.1,47.6,20.42
Rice,74.8,43.1,87.1,96.6,9.1,7.3,1,24.1,21.9,39.91
Onion,84.4,41.1,45.8,39.4,2.7,10.3,1,56.4,56.8,24.16
Tomato,71.7,38.0,66.2,13.1,8.2,11.3,0,56.2,61.6,8.46
Potato,62.3,38.7,32.5,67.2,10.0,3.8,1,59.5,54.7,25.47
Rice,91.0,34.9,73.3,72.9,2.1,0.7,1,54.3,71.4,26.4
Onion,90.0,22.8,51.0,57.5,2.7,22.7,0,59.9,50.4,3.83
Tomato,84.7,42.2,88.4,20.7,6.6,5.8,1,26.0,27.8,33.7
Mango,63.6,35.1,87.7,50.4,9.7,5.8,1,52.9,68.3,34.9
Potato,79.5,31.8,51.1,31.2,9.2,2.0,1,52.0,46.9,22.83
Onion,68.0,18.3,88.6,42.7,5.0,22.3,1,25.4,27.5,26.37
Onion,54.6,28.4,94.8,64.5,8.0,13.9,1,19.4,21.8,28.0
Onion,95.9,28.8,83.7,74.5,1.4,16.0,1,59.1,57.8,25.03
Rice,56.8,40.9,84.9,23.2,9.8,21.9,1,28.3,30.8,34.15
Mango,97.5,31.4,46.2,40.5,9.6,8.3,1,54.2,64.2,31.01
Potato,72.3,26.4,67.5,26.9,1.6,14.9,1,15.2,15.6,19.53
Tomato,59.3,44.3,34.4,19.9,3.0,0.9,1,15.9,19.4,16.33
Tomato,77.1,18.3,36.2,78.3,1.0,4.5,1,36.0,41.7,15.73
Mango,93.6,27.7,94.9,90.9,2.7,19.9,0,25.7,26.1,7.23
Onion,86.6,16.3,51.2,37.0,8.2,18.4,1,46.0,58.4,21.98
Onion,90.3,37.2,78.6,75.1,3.8,8.4,1,40.5,40.0,27.9
Onion,82.9,42.5,82.4,89.7,0.9,9.0,1,18.5,22.7,31.31
Onion,84.6,23.4,85.8,84.6,3.4,12.8,1,22.3,22.1,25.01
Onion,92.5,40.8,94.8,18.3,9.8,0.0,1,32.5,34.2,27.17
Mango,62.5,23.8,45.7,95.6,6.3,5.8,1,23.4,25.1,25.92
Rice,74.5,42.3,32.6,37.7,4.2,5.0,1,50.7,58.3,21.33
Potato,61.1,37.6,56.7,33.9,1.7,6.0,1,33.7,24.9,19.39
Onion,99.4,39.1,38.5,6.2,9.9,19.3,0,19.2,22.4,8.08
Rice,97.2,15.5,31.5,48.6,8.2,6.7,1,36.8,39.9,25.98
Tomato,52.0,43.9,53.4,10.9,2.8,4.6,1,19.1,21.8,19.09
Mango,85.3,36.8,80.9,24.9,0.7,12.1,1,20.8,24.5,19.52
Rice,96.3,24.1,66.8,31.7,0.6,20.8,1,25.8,29.9,20.22
Onion,59.0,39.9,50.3,80.9,1.2,5.8,1,53.7,42.9,19.94
Onion,78.4,23.4,72.5,87.5,5.8,1.9,1,56.6,53.3,23.7
Onion,95.8,41.2,45.1,30.2,9.3,8.6,1,52.2,60.0,35.52
Rice,51.7,18.4,30.9,85.9,5.0,17.9,0,30.0,33.9,8.2
Onion,84.9,36.1,79.7,85.7,8.4,13.2,0,27.3,26.8,13.08
Rice,64.9,31.2,70.5,76.5,4.5,19.6,1,39.7,48.1,30.0
Onion,96.2,17.9,79.5,14.7,7.1,23.0,1,47.5,50.4,27.21
Tomato,98.6,22.3,32.5,69.0,7.3,19.0,0,59.7,73.6,5.39
Tomato,97.2,15.4,84.4,94.5,1.7,14.5,1,20.9,26.8,24.09
Potato,73.7,29.1,70.3,68.3,3.6,11.8,1,17.2,19.7,24.4
Onion,93.1,24.0,66.6,33.2,6.4,1.0,1,46.2,54.7,22.86
Onion,92.2,33.0,70.6,50.1,0.7,23.6,1,52.5,52.9,24.25
Rice,66.0,23.9,86.2,64.6,3.6,9.2,1,53.1,65.5,22.13
Rice,91.4,24.0,68.2,51.1,5.3,3.7,1,45.5,51.6,19.16
Onion,51.9,37.3,67.8,12.0,10.0,16.0,1,57.9,61.2,31.09
Potato,79.8,16.4,94.4,31.2,4.7,6.8,1,38.0,34.8,20.2
Onion,61.5,42.1,79.2,80.2,8.2,14.1,0,56.1,57.6,5.7
Rice,56.0,40.6,58.7,86.1,4.3,14.1,1,58.6,54.7,27.12
Onion,53.8,35.0,76.0,13.7,8.0,10.7,1,53.1,64.5,23.56
Rice,84.8,32.8,55.3,95.2,6.0,20.1,1,28.9,37.1,33.39
Onion,67.0,41.8,44.9,32.9,8.9,6.4,0,23.8,29.5,4.41
Mango,86.2,20.6,68.8,66.2,4.1,10.8,0,39.7,58.4,8.46
Rice,53.3,17.4,90.3,75.2,6.0,12.9,1,35.4,36.5,25.17
Potato,65.8,22.2,90.4,81.2,6.3,15.9,1,54.5,64.8,29.64
Mango,77.0,38.8,52.2,94.6,4.2,18.8,0,19.5,18.0,4.91
Onion,89.5,16.0,64.3,31.3,1.4,9.5,1,26.6,28.5,17.55
Rice,65.9,32.5,43.8,85.9,0.9,15.5,1,48.8,42.9,24.65
Mango,81.3,44.9,94.7,13.2,0.2,3.6,1,19.3,22.8,19.09
Potato,94.3,40.7,93.8,70.5,8.7,22.4,1,29.4,30.8,38.19
Rice,80.8,30.6,72.2,74.2,2.4,9.2,1,32.4,25.7,23.77
Mango,61.6,16.9,82.3,67.8,2.1,17.5,1,43.0,42.9,19.51
Mango,51.2,39.9,76.5,25.2,7.4,0.5,1,22.1,30.3,23.61
Mango,93.5,33.0,68.6,87.3,3.2,4.9,0,53.7,62.4,5.15
Tomato,51.1,18.4,33.5,16.9,5.1,11.7,0,35.1,42.7,5.3
Onion,93.7,17.8,59.6,5.4,1.6,21.1,0,56.3,63.0,0.0
Rice,76.4,42.3,73.9,71.7,9.6,12.7,0,36.1,38.7,12.16
Rice,97.0,35.1,74.0,47.5,8.5,22.3,1,27.4,30.2,38.55
Rice,89.9,39.9,54.3,84.9,8.6,11.6,1,21.4,24.3,36.5
Mango,99.9,41.4,91.2,38.3,4.1,11.8,1,15.2,14.2,29.92
Onion,67.5,32.2,40.9,16.8,7.6,2.9,0,38.9,47.3,7.54
Potato,88.4,30.5,62.5,83.6,1.4,19.3,1,19.8,25.1,26.96
Rice,70.1,27.9,74.9,54.9,0.1,5.9,0,32.6,34.9,3.69
Onion,74.0,24.5,75.3,18.9,0.2,21.6,1,41.5,42.4,20.9
Onion,81.4,28.0,72.2,72.0,5.9,21.9,0,27.4,27.1,12.03
Tomato,93.7,38.2,47.9,51.1,4.6,22.6,1,22.9,31.2,29.68
Rice,99.2,33.1,40.2,60.4,5.2,12.5,1,49.9,51.5,29.01
Mango,88.4,41.8,71.3,46.1,0.1,16.3,0,57.6,69.0,4.23
Onion,70.9,28.3,69.0,82.9,4.2,18.7,1,19.5,20.9,29.33
Onion,71.1,33.2,41.7,83.0,7.2,3.1,0,22.0,23.4,5.19
Potato,86.9,33.9,75.8,70.9,4.4,14.4,1,58.2,57.3,32.1
Tomato,61.9,32.8,59.6,10.5,7.3,0.8,1,16.7,15.9,20.52
Onion,55.5,36.1,73.4,83.9,2.3,11.9,1,59.0,71.4,25.82
Onion,67.7,22.1,84.4,67.1,8.1,3.7,1,15.2,14.5,28.52
Mango,64.4,30.4,41.0,69.7,5.9,4.4,1,54.3,63.5,21.88
Mango,64.8,18.1,31.2,36.3,2.1,8.8,1,28.8,32.1,14.43
Potato,61.7,26.5,80.6,87.9,2.4,10.4,1,57.2,69.4,21.85
Potato,52.1,29.6,69.6,72.5,6.3,15.0,1,29.3,29.5,30.43
Potato,50.9,34.6,75.5,11.3,8.3,1.8,1,44.4,56.1,26.62
Mango,99.4,43.5,84.5,40.8,4.2,12.1,1,18.6,20.1,30.42
Mango,71.4,33.0,82.2,88.6,2.6,4.4,0,25.9,38.6,1.69
Tomato,69.2,37.3,92.5,4.7,8.7,13.8,1,49.8,42.7,28.45
Rice,84.0,30.2,64.8,96.1,6.7,15.3,1,38.8,56.8,37.52
Rice,60.9,34.0,61.8,67.9,4.5,13.4,1,56.8,61.4,25.36
Tomato,97.5,17.1,56.1,63.1,4.9,17.7,1,34.3,38.9,28.62
Rice,89.3,22.6,40.0,27.1,2.0,8.1,1,54.1,54.6,14.62
Mango,54.5,25.9,67.2,24.9,6.3,18.4,0,35.2,30.4,4.76
Rice,70.9,29.2,48.0,94.2,3.6,10.4,0,59.1,60.3,7.79
Mango,94.0,16.4,89.9,29.8,10.0,11.6,1,58.2,60.8,28.89
Tomato,97.2,19.2,67.9,77.6,4.8,15.6,1,29.8,33.6,28.38
Potato,73.4,23.3,68.5,39.3,4.9,0.4,0,54.9,69.6,4.51
Tomato,80.7,44.1,53.1,13.9,5.7,15.7,1,53.1,60.0,30.83
Rice,58.4,24.9,33.4,1.1,9.2,14.8,1,24.5,27.7,24.64
Mango,99.6,29.5,32.1,54.4,8.0,7.4,1,43.1,49.9,30.12
Rice,61.6,20.9,57.5,97.6,4.5,2.1,1,18.3,15.3,19.39
Rice,97.1,33.3,35.5,36.9,7.2,2.2,0,52.7,44.8,8.29
Potato,82.5,23.4,69.4,35.7,5.9,22.2,1,22.9,20.0,25.92
Rice,80.4,21.2,87.3,34.4,4.9,16.5,1,18.2,19.0,23.53
Potato,75.6,30.5,87.4,52.1,1.9,3.1,1,33.0,27.0,19.53
Mango,61.5,15.2,72.8,44.1,4.6,8.6,0,41.0,40.8,2.39
Mango,58.8,15.2,43.7,88.0,2.5,14.2,0,53.5,47.8,1.21
Potato,61.0,21.6,86.1,50.6,9.1,20.1,1,58.8,69.0,32.51
Tomato,59.3,16.1,87.6,50.8,3.4,1.0,1,34.8,40.5,13.54
Mango,89.0,18.2,42.8,13.8,9.5,5.7,1,17.7,18.7,21.07
Tomato,67.5,25.2,77.9,98.3,5.3,21.4,0,48.7,39.7,6.27
Mango,52.9,39.1,48.6,25.0,6.3,0.2,0,40.4,43.0,4.86
Mango,98.5,32.2,82.2,7.3,5.4,4.8,1,35.2,40.4,22.38
Onion,94.2,30.4,94.8,66.3,1.3,23.0,0,28.9,35.3,9.77
Rice,96.4,23.8,32.0,59.5,3.8,14.7,1,37.6,51.3,22.18
Rice,99.7,43.0,88.3,41.5,1.0,6.3,1,30.2,38.3,28.74
Tomato,58.7,26.9,70.5,42.2,6.2,1.6,1,49.1,55.2,22.88
Rice,69.8,17.6,93.3,78.5,4.5,0.7,1,39.5,41.7,18.89
Tomato,87.9,33.5,60.2,19.6,7.8,5.9,1,54.5,53.8,26.55
Mango,84.8,18.4,85.1,82.0,2.2,21.2,1,39.5,51.4,26.29
Onion,57.7,25.4,34.1,64.9,1.6,10.0,1,25.7,28.9,18.99
Onion,90.8,30.2,51.8,41.9,4.1,17.3,1,53.3,63.7,27.66
Mango,61.2,41.2,34.4,45.8,9.3,22.0,1,40.1,40.5,34.84
Potato,61.2,29.8,93.4,25.7,7.1,9.8,1,24.3,22.2,23.41
Potato,76.8,36.1,83.1,75.2,4.2,4.6,1,43.1,44.8,27.99
Rice,79.6,44.8,85.4,51.3,5.2,12.4,1,31.1,32.8,31.34
Tomato,79.0,18.9,91.0,32.1,0.8,21.8,1,53.0,59.8,14.25
Onion,54.6,23.2,35.5,59.6,9.8,19.3,0,35.4,35.0,8.04
Rice,93.9,26.8,55.1,99.6,6.7,1.6,0,47.7,52.6,5.43
Mango,63.3,27.7,34.6,43.5,2.9,16.6,0,19.3,24.6,4.18
Onion,56.5,27.3,43.7,92.1,5.9,13.7,1,32.8,27.9,26.87
Tomato,94.4,42.2,44.9,34.5,1.1,21.8,1,59.2,46.4,24.01
Tomato,97.8,36.4,60.5,5.5,9.7,2.9,1,51.4,66.1,28.23
Potato,93.1,33.2,47.5,20.4,1.7,12.8,1,22.2,19.5,20.16
Rice,90.5,24.3,36.6,41.9,6.5,21.1,1,27.5,28.7,25.42
Mango,82.8,39.7,40.9,22.0,2.5,9.8,1,29.8,35.5,21.78
Onion,77.5,43.7,39.6,0.0,7.2,11.6,0,44.3,48.3,3.37
Tomato,54.3,39.6,93.2,91.5,7.8,1.7,1,49.1,53.4,31.71
Onion,70.4,15.0,79.4,84.4,6.7,6.7,0,48.7,54.1,6.82
Mango,68.6,34.1,92.9,74.2,6.1,7.8,0,37.9,56.1,7.93
Onion,63.0,16.5,58.6,16.8,8.9,22.7,1,51.5,70.4,26.62
Rice,86.2,22.7,48.1,12.0,0.8,6.8,0,34.7,34.5,5.55
Potato,74.8,16.8,81.9,6.8,3.3,11.1,1,20.6,25.9,15.52
Onion,54.1,33.1,51.2,72.4,2.5,16.1,0,40.4,47.5,8.24
Potato,61.0,35.6,49.5,92.9,9.9,3.9,1,57.9,63.5,31.61
Mango,84.2,18.4,45.1,43.1,3.9,11.7,0,50.7,48.9,3.34
Potato,53.8,26.5,38.4,11.9,7.3,17.7,1,41.0,47.9,22.07
Onion,92.6,28.7,46.7,51.2,6.8,20.8,0,44.1,46.5,8.14
Onion,74.8,26.1,53.1,34.9,2.1,15.0,1,56.9,59.3,21.66
Tomato,74.0,18.6,73.8,37.5,2.4,16.1,1,34.3,33.8,18.86
Onion,79.6,27.6,34.1,62.1,2.8,3.0,0,29.9,37.4,3.26
Potato,91.2,37.5,43.7,71.9,4.1,22.7,0,59.0,58.1,10.92
Tomato,67.4,17.1,82.6,11.1,2.3,3.2,1,53.9,53.1,9.0
Onion,83.9,17.4,39.5,3.6,0.2,18.6,1,29.5,35.9,11.68
Onion,78.3,25.6,52.3,99.4,8.8,6.4,1,35.9,38.7,31.64
Mango,63.4,43.3,86.2,23.3,9.7,22.4,0,33.7,36.5,12.7
Tomato,93.9,35.1,40.1,5.4,3.4,17.3,0,21.7,27.2,6.81
Mango,89.9,35.4,35.4,19.0,3.4,18.1,0,58.1,75.4,6.55
Mango,82.9,25.9,61.5,3.9,0.1,5.3,1,33.2,25.9,11.7
Mango,92.5,32.8,49.7,39.2,6.8,10.6,1,54.4,58.8,28.64
Rice,93.4,15.3,66.6,80.2,8.3,14.8,1,23.5,20.9,29.32
Mango,85.4,34.1,82.2,34.1,1.5,18.5,0,39.7,41.3,4.68
Potato,91.9,42.4,38.9,44.4,1.6,2.5,1,16.1,17.7,20.98
Onion,84.9,33.4,67.7,67.6,7.9,23.1,0,49.4,51.7,7.19
Rice,84.0,41.2,62.9,50.9,6.2,21.4,1,41.1,38.9,34.02
Mango,80.9,36.7,39.4,86.1,0.4,6.5,1,43.2,40.5,22.4
Onion,87.6,18.6,70.6,86.6,6.2,19.7,1,17.3,21.0,32.82
Tomato,57.9,42.1,47.8,1.0,3.1,12.4,1,24.5,32.6,19.83
Tomato,94.0,17.0,61.7,77.8,3.7,11.1,1,18.3,14.5,22.15
Onion,93.6,31.0,35.3,46.1,7.7,7.5,1,28.0,29.4,29.44
Potato,51.5,19.3,59.9,98.9,8.1,13.9,1,43.2,52.3,31.64
Onion,91.3,15.4,49.9,48.3,4.0,17.5,0,40.5,44.3,6.27
Onion,56.4,27.7,83.5,98.7,9.5,9.9,1,42.5,39.7,32.03
Rice,66.8,23.9,33.7,75.5,4.1,15.1,1,39.7,40.8,21.87
Tomato,87.2,29.6,57.2,24.9,7.7,16.8,1,27.3,31.3,24.68
Tomato,58.0,32.3,59.8,53.8,4.8,17.1,1,26.0,27.4,24.39
Mango,90.9,16.3,77.1,99.2,9.0,1.2,0,21.2,23.1,7.09
Onion,91.6,18.7,67.3,85.8,9.1,20.6,1,53.2,58.4,33.06
Onion,75.4,31.8,73.4,9.7,0.9,11.0,0,42.7,43.7,5.64
Potato,50.3,25.3,80.5,70.6,9.4,6.3,1,23.4,28.6,27.32
Tomato,64.4,36.9,86.0,34.6,8.3,5.8,1,23.0,23.6,26.82
Potato,80.8,34.6,50.4,0.7,7.9,11.6,1,54.3,51.5,26.41
Rice,99.1,40.4,65.0,40.3,2.0,21.3,1,48.4,69.5,34.35
Mango,81.6,35.8,84.6,23.5,8.1,9.1,1,44.7,48.6,28.42
Potato,63.0,27.9,94.3,81.9,8.5,18.0,0,33.3,23.6,8.72
Tomato,81.7,35.2,87.8,33.7,2.9,2.3,1,26.8,34.5,23.09
Rice,77.0,23.3,54.1,82.8,9.5,11.4,1,59.1,76.1,29.14
Onion,89.0,24.2,42.7,0.1,0.5,23.8,1,50.9,59.5,20.24
Rice,55.3,38.7,61.8,30.8,1.5,18.5,1,28.6,34.1,19.78
Potato,88.1,28.4,78.2,24.1,5.4,5.1,1,53.1,75.7,21.5
Tomato,77.1,39.0,62.0,23.4,5.8,12.0,1,49.2,47.0,26.22
Potato,98.1,39.7,61.4,6.8,6.5,5.6,1,28.4,31.8,26.57
Onion,67.1,40.7,84.5,18.7,0.2,9.8,1,34.2,47.7,16.08
Onion,81.6,42.5,53.5,55.6,9.6,18.7,1,23.4,33.4,40.09
Tomato,96.6,27.9,85.9,29.1,0.4,18.5,0,20.0,20.9,6.4
Mango,55.1,24.6,56.4,41.7,1.4,5.5,1,47.5,66.6,16.66
Rice,96.9,32.5,51.3,37.7,0.1,22.1,1,27.0,33.0,26.87
Rice,84.4,26.1,59.5,87.6,5.7,14.2,0,51.9,68.7,5.72
Onion,53.4,33.0,79.6,90.5,9.3,9.1,1,59.8,72.7,27.89
Potato,65.0,36.2,38.2,49.3,6.7,12.0,1,18.4,21.1,29.32
Potato,85.4,35.7,42.8,33.0,8.2,14.5,1,36.3,51.9,29.45
Mango,53.4,26.2,91.8,10.7,0.1,13.4,1,51.1,52.2,12.99
Potato,79.1,20.0,41.4,95.3,5.4,11.7,1,50.5,70.0,26.04
Rice,67.3,27.9,66.9,6.0,4.6,12.1,0,49.2,69.3,9.91
Potato,81.0,19.3,67.7,29.8,5.0,4.2,0,30.7,40.1,4.25
Mango,52.3,41.7,61.8,29.8,0.7,19.5,0,35.4,38.6,7.68
Rice,93.6,25.4,71.9,32.0,6.8,13.0,0,41.8,47.5,4.66
Potato,98.7,19.6,44.9,16.4,5.0,3.1,1,58.8,53.5,13.69
Rice,98.4,15.8,65.9,78.3,7.7,18.4,1,29.7,30.7,31.8
Onion,87.5,34.4,54.2,12.2,4.9,22.4,0,56.5,67.5,7.91
Onion,56.5,34.1,73.0,63.5,1.5,22.7,0,27.1,24.0,5.59
